1,1113,2233321,,msabban0@gmpg.org,17-07-2023,16-07-2024,170.13.127.67,102.241.206.108
2,7890,2200000,,lverrechia1@smugmug.com,19-04-2023,16-05-2024,2.205.96.20,66.129.156.137
3,1113,2203333,,mstokey2@altervista.org,27-05-2023,16-02-2024,113.105.34.177,40.100.179.90
4,1113,2205568,,trishworth3@google.co.jp,12-10-2023,14-12-2023,230.196.92.232,143.154.32.204
5,1112,2205568,,afrape4@prweb.com,14-03-2023,29-12-2023,30.142.36.51,244.60.113.84
6,1234,2205698,,vwedge5@npr.org,01-09-2023,18-04-2024,51.63.34.27,107.52.33.49
7,1113,2201234,,nfazackerley6@123-reg.co.uk,09-10-2023,24-04-2024,242.194.71.210,105.1.90.231
8,1113,2205563,,rcollick7@youtu.be,25-06-2023,14-04-2024,53.196.254.113,119.164.43.64
9,9012,2204444,,bpiscotti8@blinklist.com,02-03-2023,15-05-2024,31.119.203.4,78.101.122.197
10,1234,2205698,,corrice9@barnesandnoble.com,13-07-2023,05-07-2024,121.69.36.19,115.203.160.221
11,1112,2233321,,mshepstonea@fastcompany.com,14-03-2023,10-02-2024,40.7.199.138,172.169.229.235
12,1234,2203456,,gminchentonb@privacy.gov.au,12-07-2023,26-04-2024,161.166.249.210,85.206.58.127
13,1112,2205678,,jmorefieldc@delicious.com,28-04-2023,27-03-2024,50.210.223.78,240.119.70.135
14,5678,2205568,,eplowelld@wp.com,29-07-2023,07-07-2024,122.52.208.163,30.143.110.77
15,1234,2200000,,dcarncrosse@discovery.com,26-07-2023,04-01-2024,174.171.68.207,198.240.112.75
16,7895,2207890,,mharmarf@is.gd,24-08-2023,06-01-2024,219.212.9.168,139.128.155.123
17,7895,2204444,,etompiong@sakura.ne.jp,23-03-2023,18-03-2024,203.207.251.106,165.42.213.49
18,3456,2203333,,omurreyh@amazonaws.com,01-05-2023,15-06-2024,26.229.167.112,113.189.105.147
19,5678,2209012,,lflegi@t.co,02-07-2023,09-02-2024,140.67.0.141,125.12.84.163
20,1234,2201234,,gjanochj@mediafire.com,02-05-2023,06-06-2024,203.63.159.123,88.95.9.170
21,1234,2204444,,mkatzmannk@amazon.de,22-09-2023,28-02-2024,107.103.67.183,242.48.69.23
22,3456,2205568,,tboothel@amazonaws.com,24-05-2023,19-12-2023,54.226.212.217,75.216.144.86
23,1113,2205678,,vdwanem@t-online.de,21-07-2023,05-08-2024,45.73.102.199,97.252.23.140
24,1113,2207890,,zbritiann@fema.gov,07-04-2023,03-12-2023,209.77.104.227,182.249.251.82
25,5678,2205568,,swilcinskiso@adobe.com,28-04-2023,02-01-2024,64.108.85.125,198.27.109.103
26,5678,2209012,,nportressp@yellowbook.com,23-09-2023,23-12-2023,199.91.116.155,150.65.223.123
27,6549,2201111,,dleftlyq@issuu.com,17-08-2023,16-01-2024,127.244.25.220,102.72.10.244
28,9012,2205678,,nstaddenr@wikispaces.com,14-09-2023,07-08-2024,54.233.127.16,2.235.73.151
29,7890,2201111,,ljakemans@reuters.com,21-10-2023,16-05-2024,41.87.71.10,84.127.227.0
30,1113,2207890,,rbifordt@so-net.ne.jp,20-06-2023,29-07-2024,141.160.236.110,177.180.67.128
31,3456,2233321,,svittoriu@nps.gov,02-03-2023,05-06-2024,31.151.118.92,77.11.216.226
32,6549,2205563,,sbomev@angelfire.com,24-05-2023,17-04-2024,69.75.254.126,51.251.143.148
33,1113,2203333,,ecriginw@go.com,11-03-2023,12-03-2024,1.164.250.120,114.251.252.68
34,7890,2200000,,atattersdillx@theglobeandmail.com,24-09-2023,05-08-2024,171.155.112.25,41.3.29.28
35,1112,2203456,,rpetrinay@amazonaws.com,07-03-2023,20-06-2024,137.103.105.167,212.53.190.59
36,7895,2205678,,dearpz@jimdo.com,27-07-2023,30-05-2024,222.36.80.55,40.98.42.29
37,1234,2205678,,aallworthy10@icq.com,24-03-2023,07-07-2024,133.72.88.111,127.183.32.127
38,6549,2205678,,bfright11@psu.edu,26-08-2023,04-06-2024,143.57.23.172,62.53.20.224
39,7895,2209012,,cgoodspeed12@vkontakte.ru,24-08-2023,21-03-2024,173.1.33.60,2.226.67.55
40,7895,2201111,,wtrenoweth13@mit.edu,09-05-2023,24-11-2023,167.185.224.128,153.181.163.165
41,1112,2201111,,bkingswood14@oracle.com,02-06-2023,05-01-2024,54.161.18.85,111.2.10.192
42,6549,2203456,,ftrappe15@hp.com,30-05-2023,27-11-2023,192.241.236.129,249.112.89.186
43,5678,2205678,,mgorrissen16@yelp.com,27-09-2023,18-07-2024,191.172.201.156,104.185.169.108
44,1113,2200000,,rcaddock17@spotify.com,24-03-2023,07-07-2024,108.157.182.10,62.60.19.160
45,7890,2203333,,scossem18@nature.com,01-05-2023,22-04-2024,71.63.61.254,3.53.94.135
46,7890,2201234,,kmoxon19@cornell.edu,11-04-2023,27-04-2024,50.224.42.156,122.213.3.135
47,9012,2233321,,smaccall1a@a8.net,02-04-2023,02-02-2024,143.30.237.194,172.92.95.197
48,9012,2201234,,kacarson1b@gizmodo.com,13-07-2023,29-11-2023,212.229.61.239,188.140.230.211
49,1234,2205568,,aesbrook1c@japanpost.jp,01-10-2023,19-01-2024,96.59.76.34,199.227.173.29
50,1234,2200000,,rjozef1d@e-recht24.de,01-08-2023,20-12-2023,71.108.227.56,162.163.100.204
51,7895,2205678,,lscaife1e@tuttocitta.it,14-09-2023,20-04-2024,224.168.160.113,202.74.31.109
52,5678,2205563,,flipman1f@issuu.com,11-05-2023,27-12-2023,156.253.118.213,193.240.122.152
53,3456,2201112,,tnanelli1g@indiatimes.com,20-04-2023,08-03-2024,191.207.226.241,53.10.255.141
54,1113,2201112,,ebeardow1h@mashable.com,12-08-2023,19-01-2024,87.193.84.104,26.112.228.250
55,7895,2204444,,sfrowde1i@bloglines.com,26-09-2023,28-05-2024,49.130.82.220,38.91.152.21
56,9012,2200000,,afihelly1j@csmonitor.com,09-06-2023,21-01-2024,168.184.70.84,21.32.204.124
57,6549,2200000,,ptummons1k@gov.uk,22-08-2023,20-05-2024,170.164.233.85,2.139.64.28
58,6549,2205563,,szapater1l@cisco.com,13-10-2023,19-12-2023,145.139.123.110,141.227.176.43
59,5678,2205568,,darthurs1m@infoseek.co.jp,11-04-2023,13-07-2024,25.148.190.146,217.133.143.20
60,7890,2203659,,poty1n@narod.ru,15-06-2023,17-07-2024,177.119.18.230,107.87.227.6
61,7890,2203456,,sbucklee1o@liveinternet.ru,03-10-2023,17-12-2023,55.211.53.3,105.189.131.185
62,9012,2204444,,oloweth1p@livejournal.com,14-04-2023,13-06-2024,188.200.120.51,36.119.169.230
63,6549,2200000,,nedelman1q@cam.ac.uk,18-10-2023,16-05-2024,23.72.174.42,225.199.255.186
64,7895,2203456,,gellick1r@marriott.com,16-04-2023,08-07-2024,103.132.112.109,235.246.23.170
65,7890,2201112,,wdoumerc1s@vk.com,03-10-2023,25-04-2024,178.23.219.27,217.143.0.92
66,7895,2203659,,bmonery1t@furl.net,21-08-2023,15-11-2023,191.129.6.79,148.222.117.29
67,1112,2201111,,ilecount1u@pcworld.com,13-10-2023,18-06-2024,155.163.53.24,11.5.231.73
68,7895,2205698,,rguiu1v@sohu.com,06-06-2023,09-07-2024,242.131.156.214,120.86.115.206
69,7890,2201234,,jcoudray1w@deliciousdays.com,03-10-2023,27-12-2023,93.169.167.32,57.70.166.53
70,7890,2201111,,ksilcock1x@blinklist.com,10-05-2023,04-07-2024,222.124.55.245,34.235.175.217
71,5678,2209012,,tcrommett1y@samsung.com,23-06-2023,05-05-2024,134.235.92.252,216.219.141.39
72,9012,2205568,,acastano1z@omniture.com,05-10-2023,08-05-2024,123.197.7.11,213.52.145.13
73,3456,2201111,,kmalek20@dyndns.org,19-10-2023,09-04-2024,76.244.80.109,203.110.222.235
74,9012,2203456,,hchugg21@vistaprint.com,09-10-2023,14-04-2024,132.194.233.101,47.232.171.116
75,1113,2209012,,mosmund22@xinhuanet.com,20-04-2023,21-07-2024,252.114.95.193,97.38.56.45
76,1113,2207890,,dashpital23@google.com,11-06-2023,13-12-2023,242.203.49.127,86.94.218.126
77,3456,2203659,,olaffin24@slashdot.org,18-09-2023,22-03-2024,206.243.151.32,243.139.212.67
78,7895,2205568,,ctook25@ow.ly,16-09-2023,27-01-2024,120.52.0.56,170.2.231.213
79,5678,2203659,,cdennes26@dailymotion.com,10-05-2023,17-03-2024,39.115.35.233,219.207.43.143
80,7895,2203333,,moakeby27@google.ca,05-06-2023,08-05-2024,28.68.137.37,84.173.247.149
81,7895,2205568,,ecobbledick28@tinypic.com,22-03-2023,18-03-2024,61.44.166.87,93.123.109.165
82,1234,2201112,,bboothjarvis29@answers.com,03-04-2023,11-04-2024,165.31.183.236,223.100.213.147
83,7895,2201234,,sjossel2a@businessweek.com,20-04-2023,28-01-2024,149.194.52.248,203.70.143.100
84,9012,2203456,,bdomm2b@deviantart.com,05-03-2023,22-07-2024,127.121.95.132,157.33.76.0
85,6549,2205698,,cbalaizot2c@about.com,23-09-2023,02-01-2024,67.113.193.82,203.203.59.113
86,5678,2201111,,bmcanalley2d@vimeo.com,12-10-2023,14-06-2024,52.205.28.190,27.5.20.110
87,1234,2205568,,icrellin2e@yelp.com,19-10-2023,01-06-2024,170.10.89.81,155.17.215.47
88,9012,2233321,,vgraysmark2f@youtu.be,10-05-2023,15-04-2024,40.123.113.160,183.25.232.221
89,1234,2201234,,lcocking2g@salon.com,15-04-2023,10-05-2024,17.62.116.165,122.17.133.207
90,7895,2205698,,mlowis2h@japanpost.jp,29-10-2023,07-08-2024,185.135.62.89,247.44.39.40
91,1112,2203659,,xcribbott2i@surveymonkey.com,24-07-2023,12-06-2024,225.254.146.192,242.207.72.147
92,7895,2207890,,ahawick2j@myspace.com,30-08-2023,29-05-2024,65.193.162.69,232.233.165.189
93,7895,2233321,,astachini2k@photobucket.com,12-06-2023,23-06-2024,12.83.216.86,136.63.198.98
94,1234,2207890,,ccossor2l@deliciousdays.com,30-03-2023,30-12-2023,68.46.218.66,42.186.8.67
95,1113,2201234,,jflintoffe2m@netvibes.com,17-04-2023,08-07-2024,123.158.30.162,30.71.80.31
96,1113,2201111,,lmeert2n@dedecms.com,01-06-2023,06-06-2024,75.158.215.171,26.101.191.225
97,7890,2201112,,oorrey2o@cargocollective.com,25-09-2023,13-04-2024,101.180.241.52,77.117.245.135
98,1234,2205568,,bbampfield2p@sphinn.com,27-03-2023,27-05-2024,161.45.92.60,200.135.159.99
99,3456,2205568,,wsprull2q@blogger.com,19-03-2023,18-02-2024,126.239.197.156,60.224.78.100
100,3456,2205563,,hscrimgeour2r@squidoo.com,20-07-2023,13-11-2023,74.164.82.102,198.8.123.137
101,1112,2204444,,dlansley2s@tuttocitta.it,26-06-2023,25-11-2023,48.106.222.25,184.106.35.12
102,7890,2200000,,bmanton2t@moonfruit.com,13-06-2023,16-12-2023,140.164.223.58,216.176.35.184
103,1234,2205698,,jbim2u@mediafire.com,19-03-2023,15-06-2024,85.232.21.70,53.10.46.84
104,7895,2200000,,agambie2v@amazon.de,12-04-2023,10-02-2024,161.229.105.51,21.233.56.147
105,7895,2205698,,ngreenall2w@constantcontact.com,21-07-2023,25-05-2024,214.233.171.217,229.60.214.115
106,1112,2205678,,rivantyev2x@netvibes.com,29-05-2023,14-07-2024,90.5.171.203,10.253.21.35
107,7890,2205678,,sstute2y@chicagotribune.com,12-03-2023,05-07-2024,78.156.239.81,41.156.55.130
108,3456,2203659,,lheighway2z@naver.com,18-09-2023,07-06-2024,20.214.172.101,9.221.44.21
109,1113,2201112,,mmccuaig30@alexa.com,04-06-2023,13-11-2023,145.29.99.211,145.19.63.79
110,7895,2207890,,wbrunicke31@phpbb.com,24-06-2023,11-06-2024,113.234.112.0,224.111.106.237
111,5678,2204444,,akarpmann32@cornell.edu,04-04-2023,14-12-2023,253.233.83.49,157.244.232.214
112,3456,2233321,,amethingam33@google.co.jp,19-05-2023,13-12-2023,234.38.111.199,208.232.150.163
113,7890,2205563,,apesak34@latimes.com,12-09-2023,18-01-2024,72.225.208.45,198.75.101.20
114,9012,2205678,,gnorker35@umn.edu,05-07-2023,02-01-2024,4.71.240.99,98.225.155.63
115,1113,2203333,,lsamworth36@ifeng.com,27-10-2023,19-01-2024,101.206.81.115,72.224.110.75
116,1113,2200000,,adaymond37@hhs.gov,19-03-2023,29-06-2024,66.91.135.99,59.65.129.197
117,7890,2204444,,ckuzemka38@hp.com,26-10-2023,06-12-2023,250.190.217.172,112.255.20.49
118,6549,2200000,,ivittore39@amazonaws.com,15-10-2023,03-08-2024,230.102.114.100,139.107.168.54
119,1234,2201111,,jdellcasa3a@yellowpages.com,10-05-2023,20-06-2024,191.161.211.223,82.0.58.241
120,6549,2201234,,lcawthry3b@tiny.cc,10-09-2023,26-03-2024,53.255.102.74,107.200.200.210
121,5678,2203333,,tsnawden3c@tinyurl.com,30-06-2023,09-05-2024,85.225.250.115,242.183.206.1
122,6549,2233321,,dyarrow3d@addthis.com,07-09-2023,23-12-2023,23.201.30.224,145.20.62.66
123,6549,2205568,,sdooman3e@quantcast.com,08-06-2023,03-06-2024,89.206.96.58,187.9.226.232
124,9012,2203456,,jchecchetelli3f@xing.com,09-03-2023,18-01-2024,251.189.127.101,9.50.6.108
125,6549,2205678,,jyglesia3g@fema.gov,18-09-2023,26-05-2024,107.141.233.58,112.97.24.191
126,9012,2205563,,esoutherton3h@de.vu,02-06-2023,02-05-2024,113.233.168.27,192.48.82.101
127,3456,2205698,,mbeauman3i@cargocollective.com,05-03-2023,18-03-2024,151.227.220.182,166.42.217.173
128,3456,2205563,,kaspall3j@reverbnation.com,23-04-2023,28-06-2024,35.239.109.255,144.29.127.130
129,1112,2203456,,sbeaufoy3k@dmoz.org,30-06-2023,17-03-2024,222.128.18.46,123.109.122.166
130,7890,2205568,,mmcmurthy3l@elegantthemes.com,28-08-2023,24-07-2024,118.44.36.208,142.245.213.250
131,5678,2201111,,gbudge3m@biglobe.ne.jp,13-10-2023,21-07-2024,78.236.88.83,9.97.58.178
132,3456,2209012,,okellart3n@pbs.org,10-05-2023,19-11-2023,122.102.248.162,214.109.55.73
133,7890,2204444,,anulty3o@bigcartel.com,30-10-2023,28-12-2023,86.162.98.107,219.35.213.16
134,5678,2203659,,nwhitty3p@alibaba.com,25-06-2023,19-03-2024,87.147.137.186,75.29.60.140
135,3456,2205563,,ccoslett3q@vimeo.com,29-10-2023,28-07-2024,26.0.42.245,36.227.188.103
136,3456,2233321,,dfazzioli3r@google.it,08-07-2023,04-01-2024,226.197.154.101,245.5.76.217
137,7895,2209012,,aantoniutti3s@ask.com,25-10-2023,05-08-2024,56.180.46.27,67.37.129.20
138,6549,2205568,,khambribe3t@usatoday.com,09-08-2023,21-02-2024,151.80.105.82,102.182.238.109
139,1234,2203659,,mrainbird3u@nature.com,20-09-2023,17-05-2024,142.173.250.170,59.99.221.157
140,7895,2205678,,awear3v@angelfire.com,22-09-2023,24-05-2024,111.238.38.190,102.4.215.6
141,5678,2207890,,nswinbourne3w@fc2.com,28-05-2023,01-05-2024,215.46.38.240,21.214.110.117
142,7890,2203456,,cnice3x@wp.com,21-06-2023,18-03-2024,138.230.67.215,242.66.181.247
143,7895,2201234,,rbasire3y@nymag.com,19-10-2023,11-05-2024,23.109.129.85,107.144.106.201
144,5678,2201234,,bcoiley3z@oaic.gov.au,22-04-2023,08-12-2023,199.7.19.222,121.139.250.251
145,9012,2200000,,mlabarre40@nsw.gov.au,09-05-2023,21-03-2024,225.34.131.172,11.224.140.86
146,6549,2209012,,lmattocks41@google.com.hk,05-05-2023,17-12-2023,55.63.46.199,178.81.36.204
147,7890,2205698,,kmashal42@omniture.com,05-04-2023,24-11-2023,105.166.116.199,229.172.21.34
148,1234,2204444,,jgandley43@shareasale.com,18-05-2023,30-11-2023,171.215.30.117,172.222.105.150
149,3456,2200000,,acornier44@sciencedaily.com,12-07-2023,22-04-2024,129.227.169.133,194.218.206.0
150,9012,2207890,,jbedborough45@nih.gov,28-04-2023,22-12-2023,69.237.223.242,190.240.66.19
151,1113,2205568,,zdoust46@weather.com,10-07-2023,11-04-2024,137.52.94.1,94.152.97.189
152,1113,2209012,,acrowche47@parallels.com,07-10-2023,12-11-2023,65.169.95.94,67.34.3.118
153,1234,2205678,,ddeath48@gov.uk,08-04-2023,17-01-2024,249.234.36.113,196.2.209.66
154,9012,2200000,,dsighart49@about.com,13-09-2023,18-03-2024,24.119.38.53,33.135.125.41
155,9012,2201112,,ecleyburn4a@blogtalkradio.com,20-03-2023,28-04-2024,121.218.48.113,232.215.255.109
156,5678,2201112,,kcapener4b@netlog.com,10-05-2023,15-02-2024,244.196.0.224,120.39.78.220
157,3456,2205678,,fwatkiss4c@yahoo.com,27-04-2023,16-07-2024,219.204.13.126,210.65.152.60
158,9012,2209012,,camy4d@mediafire.com,19-03-2023,31-07-2024,37.214.114.69,198.176.244.88
159,1112,2209012,,tbeamand4e@mtv.com,27-05-2023,11-07-2024,190.128.62.77,206.90.50.245
160,5678,2203333,,cbrideaux4f@smh.com.au,13-04-2023,15-01-2024,44.122.44.172,7.67.125.191
161,1113,2207890,,jcallendar4g@telegraph.co.uk,21-03-2023,23-07-2024,26.52.244.149,69.217.189.30
162,5678,2209012,,rcorston4h@alexa.com,23-09-2023,12-12-2023,252.103.66.216,128.96.138.180
163,6549,2201111,,fgwinnett4i@independent.co.uk,07-09-2023,19-05-2024,45.148.148.245,196.225.167.196
164,1112,2205568,,eokenfold4j@cbc.ca,27-05-2023,08-12-2023,0.42.245.131,49.156.77.228
165,7895,2203456,,astickells4k@nbcnews.com,02-09-2023,16-07-2024,73.4.20.30,99.184.145.14
166,1112,2201111,,ctratton4l@europa.eu,03-10-2023,30-07-2024,194.8.11.102,145.165.5.62
167,1113,2203456,,aaxtonne4m@ox.ac.uk,11-06-2023,16-07-2024,241.195.167.147,38.110.52.1
168,5678,2203456,,carden4n@drupal.org,01-06-2023,21-11-2023,44.214.187.89,145.86.37.181
169,5678,2233321,,tbuesden4o@wp.com,10-04-2023,01-05-2024,74.136.144.151,153.71.150.143
170,1113,2205563,,dmccome4p@ucoz.com,22-03-2023,07-02-2024,216.85.217.164,217.217.183.199
171,3456,2205698,,vtodarini4q@yandex.ru,08-05-2023,19-07-2024,4.180.161.49,31.78.12.60
172,1112,2203659,,talliott4r@berkeley.edu,28-03-2023,04-01-2024,148.23.169.231,146.93.240.88
173,1234,2205568,,pcaldecourt4s@surveymonkey.com,11-09-2023,19-06-2024,5.33.245.216,198.147.254.84
174,1112,2204444,,mgoodger4t@kickstarter.com,18-03-2023,06-08-2024,64.131.218.132,26.237.128.113
175,7895,2205563,,spitney4u@loc.gov,28-09-2023,16-02-2024,249.114.73.32,160.149.29.227
176,1234,2203659,,mesom4v@hao123.com,10-05-2023,15-11-2023,34.45.142.149,230.126.222.220
177,1234,2203456,,mmarques4w@digg.com,17-08-2023,20-11-2023,17.194.138.0,109.97.108.159
178,1234,2201112,,scarrett4x@sun.com,19-10-2023,16-04-2024,140.97.242.223,1.114.90.245
179,9012,2201111,,sclarage4y@fotki.com,22-07-2023,16-12-2023,58.150.55.217,189.87.192.136
180,3456,2200000,,dhanna4z@squidoo.com,18-05-2023,06-04-2024,48.161.200.32,186.214.35.145
181,7890,2203456,,mgomm50@is.gd,20-07-2023,02-12-2023,64.254.103.99,71.230.203.254
182,1112,2209012,,rshead51@time.com,05-03-2023,21-06-2024,123.211.89.144,72.46.157.180
183,9012,2203333,,mwyndham52@nba.com,22-09-2023,25-04-2024,213.186.211.8,199.126.97.188
184,1234,2201111,,mfowlds53@skyrock.com,22-06-2023,09-08-2024,123.180.57.110,251.23.87.178
185,3456,2201234,,cbasant54@google.ru,13-09-2023,26-01-2024,53.140.14.243,22.147.175.51
186,5678,2201111,,lasipenko55@pen.io,23-05-2023,27-07-2024,29.149.79.192,9.23.158.235
187,1112,2205563,,rwrathmall56@google.pl,05-04-2023,17-07-2024,173.33.115.72,66.121.24.35
188,1112,2205678,,dparratt57@dmoz.org,15-10-2023,16-11-2023,168.63.225.63,248.39.99.205
189,7890,2203659,,gskoughman58@sciencedaily.com,05-07-2023,15-04-2024,133.201.80.175,116.79.107.219
190,1113,2233321,,dmarkova59@sourceforge.net,12-10-2023,31-05-2024,208.15.42.228,121.166.154.136
191,7890,2200000,,sdollin5a@nyu.edu,06-04-2023,06-12-2023,127.26.198.163,40.14.45.239
192,3456,2200000,,sgrubbe5b@un.org,17-03-2023,17-02-2024,141.107.26.145,177.127.238.70
193,1113,2205698,,fwhittick5c@chicagotribune.com,24-08-2023,19-12-2023,184.142.42.210,167.200.113.214
194,5678,2233321,,bbenet5d@twitter.com,01-07-2023,30-12-2023,34.131.141.49,93.156.24.110
195,1234,2207890,,tcorriea5e@arstechnica.com,25-09-2023,20-02-2024,212.121.74.204,212.83.222.228
196,9012,2233321,,ablees5f@trellian.com,07-09-2023,28-01-2024,186.134.93.207,215.147.162.78
197,7895,2204444,,ababbe5g@spotify.com,20-08-2023,03-11-2023,25.182.225.205,8.153.121.135
198,9012,2204444,,pmasterton5h@behance.net,13-06-2023,20-02-2024,26.57.148.56,98.50.106.88
199,6549,2207890,,mriepl5i@redcross.org,12-06-2023,27-07-2024,177.234.35.75,202.174.198.204
200,7895,2203333,,creed5j@auda.org.au,18-09-2023,07-08-2024,41.190.212.215,174.75.68.228
201,7890,2205568,,cwanley5k@springer.com,13-06-2023,14-07-2024,115.48.144.249,77.30.17.141
202,3456,2204444,,pleftley5l@boston.com,05-07-2023,15-04-2024,22.92.220.38,248.174.246.124
203,5678,2203333,,ljanisson5m@devhub.com,17-05-2023,23-12-2023,203.14.219.29,181.223.236.238
204,5678,2205563,,wgrigolashvill5n@phoca.cz,16-07-2023,01-08-2024,237.40.74.32,119.206.130.90
205,1113,2203456,,mmcmeekin5o@tuttocitta.it,27-09-2023,14-03-2024,159.129.158.178,129.89.6.27
206,6549,2203333,,nanneslie5p@telegraph.co.uk,19-06-2023,05-03-2024,56.203.61.128,43.55.198.59
207,7890,2207890,,astapleford5q@chron.com,15-05-2023,20-07-2024,124.136.131.156,100.147.47.84
208,5678,2233321,,pvines5r@hubpages.com,27-05-2023,09-12-2023,222.112.118.70,201.143.11.174
209,1234,2205568,,gbeer5s@mozilla.org,18-04-2023,23-11-2023,29.94.102.169,117.154.121.91
210,3456,2203659,,eswann5t@goo.ne.jp,07-08-2023,25-02-2024,111.245.6.72,78.179.160.146
211,1234,2203456,,gmindenhall5u@addthis.com,12-06-2023,08-07-2024,226.198.85.253,220.225.163.96
212,1112,2203456,,ksartin5v@kickstarter.com,19-06-2023,17-05-2024,121.177.218.78,16.197.196.50
213,9012,2233321,,sblamey5w@amazon.co.jp,21-10-2023,23-04-2024,145.97.28.33,25.2.205.174
214,9012,2205563,,bphittiplace5x@cpanel.net,03-03-2023,31-03-2024,249.43.116.49,129.242.70.232
215,5678,2205698,,veixenberger5y@furl.net,11-08-2023,02-07-2024,15.194.180.166,9.14.78.187
216,1112,2201234,,pbrodhead5z@edublogs.org,04-05-2023,11-12-2023,64.93.13.52,28.113.219.192
217,6549,2203333,,lmagrane60@sitemeter.com,25-08-2023,30-04-2024,243.73.15.28,64.135.88.252
218,1113,2205568,,gleynagh61@w3.org,23-05-2023,07-05-2024,16.100.152.176,117.163.129.235
219,5678,2205678,,ibantick62@apache.org,16-09-2023,18-03-2024,145.48.109.24,62.204.8.194
220,5678,2205698,,ttranmer63@skype.com,25-03-2023,27-01-2024,21.154.246.93,134.115.118.65
221,7890,2201234,,pneathway64@amazon.de,27-03-2023,20-07-2024,118.230.213.12,238.37.162.211
222,6549,2201112,,criddle65@imdb.com,02-09-2023,30-01-2024,188.143.210.223,17.109.237.79
223,1234,2200000,,pminors66@sfgate.com,26-03-2023,21-04-2024,111.162.56.82,42.90.57.241
224,1113,2205698,,lmoss67@sourceforge.net,14-05-2023,01-04-2024,23.15.76.117,218.166.92.179
225,7895,2201112,,dduffin68@webnode.com,10-05-2023,22-01-2024,89.129.32.2,159.104.181.47
226,3456,2209012,,mengley69@unblog.fr,22-05-2023,23-11-2023,233.251.31.155,189.252.131.69
227,9012,2203456,,sbazely6a@storify.com,11-06-2023,28-07-2024,253.162.72.250,59.120.62.171
228,5678,2203333,,jpane6b@google.co.uk,07-06-2023,20-12-2023,137.251.241.9,186.210.102.169
229,5678,2205698,,mshoard6c@unicef.org,11-07-2023,12-05-2024,3.91.167.52,99.46.40.16
230,3456,2205568,,afruen6d@1688.com,07-09-2023,12-01-2024,209.131.160.208,69.202.207.221
231,6549,2201112,,emaunders6e@yellowbook.com,17-10-2023,24-01-2024,215.94.235.178,221.185.127.154
232,7895,2203659,,dcypler6f@oracle.com,09-03-2023,28-01-2024,58.128.13.151,31.108.250.204
233,1113,2204444,,rcullingford6g@acquirethisname.com,01-06-2023,23-01-2024,39.15.15.114,170.59.168.98
234,1112,2207890,,dbraunstein6h@wikia.com,29-05-2023,30-06-2024,250.151.27.27,129.169.210.9
235,9012,2201112,,jburwood6i@wordpress.org,29-06-2023,24-03-2024,221.64.69.113,124.164.152.236
236,7895,2201112,,cdana6j@slate.com,23-08-2023,11-08-2024,154.106.102.168,127.193.184.28
237,1112,2207890,,smcwhinnie6k@oakley.com,01-10-2023,05-01-2024,235.84.233.128,219.142.26.91
238,3456,2233321,,tscarasbrick6l@ca.gov,18-06-2023,15-07-2024,53.162.210.48,64.25.85.108
239,9012,2207890,,ecole6m@wisc.edu,15-06-2023,17-01-2024,82.128.42.50,209.87.63.52
240,9012,2207890,,mhynson6n@stanford.edu,27-07-2023,15-01-2024,120.128.142.76,75.130.62.47
241,1113,2205698,,cdigwood6o@parallels.com,29-06-2023,30-05-2024,32.251.253.148,8.201.50.194
242,1234,2203456,,farlott6p@cam.ac.uk,07-07-2023,16-11-2023,184.71.122.73,115.138.224.81
243,9012,2201111,,eringsell6q@bloomberg.com,01-03-2023,12-12-2023,214.92.192.61,1.98.239.182
244,9012,2233321,,dcaltera6r@bloglines.com,06-10-2023,16-04-2024,5.233.74.223,12.34.215.212
245,9012,2201234,,gpatise6s@pinterest.com,20-07-2023,21-04-2024,89.8.116.177,207.113.33.57
246,7895,2204444,,longe6t@github.com,19-09-2023,03-05-2024,249.66.66.183,113.252.120.12
247,5678,2205563,,mlepiscopio6u@blogtalkradio.com,28-09-2023,02-02-2024,129.184.114.36,224.1.116.154
248,5678,2205563,,vcleynman6v@joomla.org,04-05-2023,19-11-2023,94.27.209.179,171.246.227.102
249,7895,2203333,,gtoomer6w@google.ca,12-09-2023,27-11-2023,107.11.113.153,23.246.177.79
250,1112,2203333,,roldknow6x@netlog.com,19-05-2023,06-01-2024,224.125.148.87,84.145.125.158
251,1234,2203333,,dbutfield6y@photobucket.com,28-09-2023,12-05-2024,4.32.224.181,25.230.104.133
252,3456,2207890,,clecordier6z@lycos.com,20-08-2023,21-04-2024,60.253.64.26,11.1.211.71
253,7890,2203333,,bulyat70@qq.com,28-04-2023,23-07-2024,34.178.33.73,85.133.234.169
254,1234,2201112,,pspencelayh71@parallels.com,11-06-2023,22-05-2024,94.233.226.223,53.46.180.238
255,1113,2201234,,oleftbridge72@wired.com,18-10-2023,16-02-2024,29.142.109.48,140.251.179.17
256,3456,2205678,,ebeardow73@mlb.com,15-10-2023,30-04-2024,26.75.222.205,230.205.152.118
257,5678,2209012,,epischof74@github.io,31-08-2023,05-01-2024,232.153.61.169,158.87.171.17
258,1112,2205568,,abarns75@vistaprint.com,20-06-2023,29-03-2024,20.33.116.142,230.241.146.98
259,3456,2201112,,kmaryska76@java.com,13-05-2023,18-12-2023,158.179.40.218,67.20.62.147
260,5678,2201112,,wselesnick77@nba.com,28-04-2023,28-12-2023,254.166.164.46,2.99.28.137
261,7895,2203659,,lphillott78@google.de,14-10-2023,14-02-2024,168.54.201.191,21.252.136.61
262,5678,2203333,,pmassimo79@vkontakte.ru,14-06-2023,08-06-2024,79.77.121.145,12.26.207.244
263,6549,2205698,,rridge7a@histats.com,11-03-2023,05-07-2024,134.247.242.123,195.76.115.84
264,1113,2201112,,blethlay7b@weibo.com,12-08-2023,28-12-2023,29.64.44.91,91.80.159.154
265,1113,2209012,,cmacpake7c@ucoz.ru,26-05-2023,11-04-2024,17.126.106.195,245.133.249.4
266,7890,2201111,,fphippen7d@fastcompany.com,14-10-2023,22-07-2024,96.7.180.6,254.68.68.143
267,1234,2205698,,mbattams7e@friendfeed.com,19-10-2023,01-03-2024,153.35.169.176,24.175.83.45
268,1113,2205678,,ksive7f@hp.com,23-07-2023,28-03-2024,9.75.2.157,144.216.246.66
269,5678,2200000,,agheraldi7g@sbwire.com,28-05-2023,02-12-2023,153.22.18.140,18.204.42.87
270,9012,2201112,,zrubenovic7h@examiner.com,12-04-2023,05-04-2024,72.232.147.107,20.119.225.118
271,3456,2233321,,ehyndson7i@springer.com,11-07-2023,24-05-2024,218.236.247.71,199.249.3.121
272,6549,2209012,,jcase7j@wordpress.org,11-08-2023,04-02-2024,160.239.179.36,200.174.158.65
273,1112,2203333,,akastel7k@hubpages.com,21-10-2023,22-02-2024,31.122.31.239,112.255.184.142
274,6549,2233321,,slocks7l@wordpress.com,01-05-2023,06-07-2024,93.158.158.41,38.20.148.255
275,9012,2201234,,boddie7m@theatlantic.com,23-08-2023,03-11-2023,116.177.222.168,248.230.199.248
276,7895,2201111,,cgreenhowe7n@networksolutions.com,02-07-2023,17-04-2024,138.199.141.114,18.96.24.246
277,7895,2209012,,aaveson7o@utexas.edu,13-07-2023,15-05-2024,122.109.208.214,241.193.149.2
278,3456,2203659,,lmckerlie7p@seesaa.net,13-04-2023,10-05-2024,142.195.42.229,56.91.240.215
279,1234,2207890,,csoff7q@mayoclinic.com,29-03-2023,08-11-2023,132.37.108.75,135.116.37.198
280,7895,2203659,,dconklin7r@indiatimes.com,06-10-2023,15-11-2023,143.25.37.243,254.183.199.31
281,7890,2201111,,vdevericks7s@si.edu,27-10-2023,11-02-2024,81.217.240.79,157.135.139.252
282,5678,2207890,,vgeard7t@blinklist.com,23-09-2023,17-11-2023,66.61.195.26,123.163.198.98
283,7890,2203333,,klathbury7u@si.edu,03-08-2023,09-12-2023,254.7.220.175,231.54.96.94
284,5678,2201112,,rsyne7v@about.me,13-08-2023,25-02-2024,243.155.38.95,49.28.172.155
285,1112,2205678,,jhaquard7w@about.com,29-08-2023,13-05-2024,5.77.168.49,113.239.226.195
286,5678,2201112,,mstennard7x@yolasite.com,18-09-2023,27-07-2024,193.57.204.199,244.237.169.187
287,5678,2233321,,gpraundlin7y@phpbb.com,13-04-2023,08-03-2024,118.13.251.82,104.160.139.81
288,7890,2203333,,hwhitmore7z@nationalgeographic.com,17-08-2023,06-02-2024,130.221.174.30,221.28.170.103
289,6549,2233321,,rpashan80@tinyurl.com,01-10-2023,05-12-2023,94.155.124.91,229.151.211.194
290,7895,2204444,,vmckellen81@angelfire.com,03-04-2023,09-07-2024,101.101.60.208,245.192.108.253
291,1113,2205678,,tgehringer82@moonfruit.com,03-10-2023,28-12-2023,149.92.173.218,145.210.162.127
292,3456,2205698,,agealle83@indiatimes.com,06-04-2023,03-06-2024,151.152.64.31,43.82.67.37
293,1234,2201111,,mcolmer84@live.com,13-04-2023,28-07-2024,167.52.145.128,222.99.92.148
294,7895,2209012,,mgunthorp85@webeden.co.uk,18-07-2023,18-02-2024,50.90.22.133,184.140.104.232
295,6549,2204444,,tbahike86@dagondesign.com,27-04-2023,21-07-2024,80.56.77.54,83.159.236.70
296,7895,2205568,,lclaessens87@livejournal.com,28-04-2023,28-05-2024,194.142.219.130,255.154.131.65
297,7895,2203659,,okeating88@nymag.com,01-09-2023,20-02-2024,10.239.50.25,158.153.57.238
298,7890,2201111,,schristou89@ifeng.com,29-09-2023,05-04-2024,233.240.150.135,212.194.63.246
299,6549,2209012,,mormiston8a@noaa.gov,05-09-2023,23-06-2024,120.212.2.54,14.137.149.54
300,1112,2205678,,vcreaser8b@house.gov,11-07-2023,06-06-2024,147.188.57.190,227.51.249.219
301,9012,2200000,,mpudner8c@woothemes.com,24-09-2023,27-04-2024,129.90.249.109,50.235.20.152
302,3456,2201112,,bthrustle8d@w3.org,04-10-2023,16-07-2024,245.219.199.130,24.132.228.15
303,7890,2207890,,wselborne8e@studiopress.com,21-03-2023,10-06-2024,109.209.25.221,143.202.7.101
304,1113,2207890,,afrodsham8f@mlb.com,30-04-2023,13-03-2024,91.25.177.7,184.217.193.219
305,3456,2204444,,afogden8g@mysql.com,11-03-2023,01-11-2023,45.59.217.226,202.177.139.68
306,7890,2201234,,egarza8h@dyndns.org,15-04-2023,28-02-2024,90.208.194.201,90.255.11.107
307,9012,2200000,,abirdfield8i@stumbleupon.com,11-07-2023,08-01-2024,223.158.106.71,97.79.148.8
308,6549,2203456,,wstollman8j@dyndns.org,15-10-2023,24-07-2024,106.30.38.134,88.151.58.201
309,3456,2201111,,nregan8k@ow.ly,23-07-2023,14-07-2024,112.225.216.102,92.122.111.100
310,7890,2207890,,candryszczak8l@joomla.org,08-04-2023,26-07-2024,101.182.58.108,201.131.101.17
311,6549,2233321,,ebrabbs8m@mozilla.com,13-07-2023,25-06-2024,28.11.137.113,150.210.56.175
312,1112,2207890,,lfearick8n@nasa.gov,19-06-2023,06-03-2024,9.122.15.152,68.244.235.128
313,3456,2205563,,ijoust8o@amazonaws.com,28-06-2023,13-02-2024,47.8.198.51,250.38.75.27
314,9012,2205678,,pdawson8p@github.io,31-05-2023,21-04-2024,195.23.217.13,38.106.220.34
315,1234,2204444,,ascohier8q@archive.org,09-06-2023,29-06-2024,20.123.68.120,50.136.145.233
316,1234,2205563,,kbantham8r@techcrunch.com,01-10-2023,18-05-2024,191.219.160.193,208.22.180.3
317,1234,2205563,,dlacroce8s@dedecms.com,30-09-2023,30-03-2024,98.79.245.21,139.73.158.84
318,7895,2203659,,sshrigley8t@photobucket.com,02-10-2023,30-01-2024,31.47.196.181,130.40.165.180
319,7895,2203456,,fhaggett8u@hostgator.com,30-04-2023,23-03-2024,7.58.59.180,209.80.237.20
320,7895,2201112,,vstange8v@purevolume.com,05-09-2023,25-07-2024,19.228.141.248,206.95.170.149
321,7890,2204444,,csenyard8w@about.com,17-06-2023,04-02-2024,55.134.25.151,133.29.138.109
322,1234,2203659,,phowis8x@accuweather.com,12-05-2023,31-12-2023,133.136.116.189,142.30.103.107
323,7895,2205698,,jduhamel8y@ucla.edu,13-10-2023,29-06-2024,106.161.204.79,187.208.48.89
324,1113,2200000,,mjoyce8z@ebay.co.uk,02-05-2023,03-11-2023,134.98.82.133,31.172.29.90
325,6549,2200000,,jfonso90@ft.com,18-10-2023,02-08-2024,173.84.64.210,52.226.111.130
326,1112,2204444,,mdickey91@forbes.com,16-05-2023,10-08-2024,141.42.70.162,144.205.197.43
327,1112,2233321,,lsenton92@furl.net,14-09-2023,13-02-2024,253.124.20.224,211.204.74.30
328,3456,2205678,,boverall93@cam.ac.uk,02-08-2023,24-06-2024,188.49.167.7,7.15.123.107
329,1112,2203659,,lbravey94@naver.com,12-08-2023,17-06-2024,249.220.174.245,66.12.87.219
330,9012,2204444,,adrinkeld95@ow.ly,04-03-2023,29-04-2024,225.188.45.160,64.35.206.250
331,7890,2205568,,ctoffanini96@alexa.com,07-04-2023,23-11-2023,100.6.231.167,48.195.165.118
332,6549,2201111,,sharrop97@nyu.edu,03-07-2023,10-02-2024,190.101.223.189,161.140.215.112
333,1112,2204444,,goakeby98@dmoz.org,14-09-2023,27-07-2024,103.200.253.203,91.212.201.108
334,3456,2203659,,kmacmenamy99@slashdot.org,08-03-2023,23-11-2023,194.2.140.2,45.221.30.62
335,7895,2205568,,btomet9a@unblog.fr,25-05-2023,29-04-2024,34.142.241.164,110.149.8.66
336,3456,2203333,,okelcey9b@about.me,13-06-2023,17-03-2024,196.155.208.177,43.251.169.223
337,5678,2200000,,bdulany9c@msn.com,18-05-2023,15-05-2024,94.89.252.96,235.181.147.192
338,3456,2203456,,tjozsa9d@wordpress.org,27-10-2023,15-03-2024,176.169.20.170,149.238.76.252
339,5678,2204444,,csyncke9e@ocn.ne.jp,25-05-2023,31-01-2024,32.160.204.82,97.40.87.216
340,1234,2209012,,srobbel9f@kickstarter.com,20-08-2023,03-03-2024,84.105.213.120,146.193.124.71
341,6549,2209012,,rwyldish9g@elegantthemes.com,21-08-2023,11-12-2023,131.252.129.99,49.14.65.217
342,9012,2203333,,wpaddison9h@youku.com,17-07-2023,06-01-2024,2.197.174.101,204.197.175.164
343,7890,2207890,,kpieper9i@homestead.com,09-06-2023,22-03-2024,225.98.129.246,160.193.149.58
344,3456,2201234,,magron9j@mayoclinic.com,16-04-2023,24-01-2024,113.234.54.59,149.17.178.199
345,9012,2204444,,ffealey9k@census.gov,18-03-2023,08-04-2024,99.168.154.135,248.182.34.219
346,1234,2209012,,svogeler9l@ehow.com,31-07-2023,31-05-2024,228.55.16.133,142.160.62.44
347,5678,2205678,,jridgwell9m@ovh.net,01-04-2023,08-12-2023,12.233.91.135,212.61.68.244
348,9012,2201111,,bmacmaykin9n@comsenz.com,09-04-2023,24-04-2024,65.150.247.220,106.169.161.81
349,7890,2233321,,bzamorrano9o@yellowpages.com,18-07-2023,06-08-2024,58.62.2.97,187.15.197.96
350,9012,2205568,,htoulch9p@gnu.org,08-10-2023,01-05-2024,22.80.121.84,68.147.45.139
351,7890,2203333,,fsuermeier9q@vk.com,30-09-2023,04-04-2024,252.27.213.252,203.64.227.144
352,7895,2201112,,porknay9r@apple.com,21-03-2023,02-05-2024,235.244.207.222,120.245.61.147
353,1112,2201234,,tmckechnie9s@tinypic.com,30-09-2023,30-04-2024,240.145.167.179,226.218.143.67
354,7890,2204444,,kwinward9t@comsenz.com,10-05-2023,05-02-2024,134.68.189.75,232.221.5.111
355,7895,2203333,,tsemble9u@nydailynews.com,03-10-2023,10-07-2024,94.203.45.225,112.47.209.121
356,1113,2204444,,clowle9v@i2i.jp,29-03-2023,08-07-2024,184.88.166.231,166.189.225.173
357,1113,2204444,,fmckag9w@google.co.uk,12-05-2023,05-05-2024,244.158.41.75,165.169.107.34
358,1112,2203659,,msalling9x@unblog.fr,13-07-2023,05-01-2024,36.22.134.224,103.202.222.231
359,9012,2205563,,gbumpus9y@barnesandnoble.com,24-06-2023,19-07-2024,50.230.53.123,15.73.160.144
360,5678,2205678,,mstebbings9z@va.gov,09-08-2023,17-01-2024,40.23.148.33,45.8.189.5
361,9012,2203659,,mlyttona0@youku.com,11-03-2023,05-07-2024,161.50.110.191,69.122.107.63
362,1112,2203456,,apestera1@sohu.com,23-06-2023,18-05-2024,115.107.139.134,197.47.131.70
363,3456,2207890,,fgiacopeloa2@nih.gov,21-03-2023,18-05-2024,133.11.132.151,98.5.49.123
364,3456,2201234,,dnunnerya3@illinois.edu,30-05-2023,19-12-2023,27.84.183.214,201.9.78.201
365,6549,2209012,,ybanyarda4@vk.com,11-08-2023,12-12-2023,49.239.252.215,25.239.162.136
366,1234,2203456,,btreadawaya5@patch.com,19-10-2023,26-07-2024,135.202.204.33,151.151.141.188
367,7895,2209012,,gbrizella6@youtube.com,25-08-2023,18-04-2024,142.227.134.137,230.13.41.211
368,1234,2201112,,fparmbya7@virginia.edu,25-10-2023,18-01-2024,9.19.104.196,134.118.38.166
369,5678,2205563,,esleightholmea8@t.co,15-07-2023,11-08-2024,160.5.76.103,161.59.193.239
370,1234,2203456,,ctwiggera9@go.com,19-07-2023,25-04-2024,187.176.252.174,41.41.84.242
371,1234,2203659,,cfeighryaa@deviantart.com,29-05-2023,02-05-2024,134.76.96.199,119.155.76.166
372,7895,2205698,,jyeabsleyab@aol.com,23-04-2023,17-06-2024,221.245.44.248,122.172.24.249
373,5678,2233321,,dcorgenvinac@abc.net.au,05-03-2023,24-03-2024,163.80.187.120,53.91.38.238
374,7895,2203333,,delleryad@dailymotion.com,14-07-2023,20-05-2024,0.229.48.84,19.107.6.96
375,1234,2200000,,nmeconiae@issuu.com,14-09-2023,22-03-2024,84.236.1.97,115.75.183.199
376,1234,2205698,,rspereaf@mtv.com,27-10-2023,23-04-2024,102.245.76.58,14.146.136.116
377,7890,2203456,,jblankauag@seesaa.net,22-10-2023,15-11-2023,23.39.83.186,152.14.185.122
378,5678,2200000,,cmarchettiah@xinhuanet.com,30-05-2023,20-07-2024,197.240.13.218,22.196.124.224
379,7890,2207890,,fbeneytoai@hibu.com,16-10-2023,03-08-2024,248.4.73.51,1.96.38.145
380,9012,2203456,,tblaxleyaj@paypal.com,07-08-2023,07-03-2024,249.104.78.160,144.237.6.120
381,7895,2203456,,dpoppingak@miibeian.gov.cn,24-10-2023,24-06-2024,12.121.97.29,129.56.51.173
382,6549,2201111,,olugsdinal@china.com.cn,07-09-2023,02-04-2024,49.240.121.22,130.20.197.104
383,6549,2201234,,edecazeam@issuu.com,03-04-2023,02-11-2023,23.174.204.171,184.182.92.8
384,3456,2207890,,jvennersan@livejournal.com,04-08-2023,25-06-2024,79.36.201.136,64.18.89.38
385,6549,2200000,,rwikeao@cbc.ca,29-08-2023,16-04-2024,236.244.44.5,23.83.168.250
386,3456,2203333,,mschwerinap@tuttocitta.it,05-03-2023,01-02-2024,133.39.62.245,25.255.200.50
387,7895,2205678,,rarnowaq@un.org,19-06-2023,12-02-2024,249.67.198.19,205.250.62.233
388,7890,2203659,,tnysar@aol.com,26-06-2023,17-04-2024,169.16.112.77,10.87.186.129
389,3456,2207890,,amccorleyas@answers.com,10-10-2023,24-06-2024,9.144.83.200,135.189.180.15
390,7890,2201111,,lantoniakat@hugedomains.com,13-07-2023,31-05-2024,31.117.75.146,128.81.132.102
391,6549,2201234,,lmcteerau@vkontakte.ru,22-06-2023,20-06-2024,87.194.135.25,78.54.171.241
392,3456,2233321,,tmacfadzanav@icio.us,31-08-2023,07-03-2024,99.216.48.89,119.234.52.212
393,5678,2203659,,knuttyaw@google.com,27-03-2023,15-04-2024,100.156.131.41,113.116.19.194
394,1112,2205563,,vbaldrickax@linkedin.com,27-07-2023,10-12-2023,66.34.35.151,19.104.31.42
395,6549,2201112,,jbeevensay@statcounter.com,13-09-2023,23-05-2024,121.5.224.154,245.243.117.153
396,1112,2209012,,mcantonaz@mysql.com,15-10-2023,04-01-2024,187.253.159.212,244.173.139.67
397,9012,2207890,,ejiroudekb0@dagondesign.com,27-08-2023,15-07-2024,48.97.24.147,79.65.32.254
398,1234,2205698,,hhabeshawb1@geocities.com,20-07-2023,10-07-2024,103.125.21.133,187.135.199.45
399,7890,2205698,,aumfreyb2@ftc.gov,05-09-2023,25-01-2024,191.170.233.207,231.69.196.101
400,7895,2203456,,lmartinhob3@bloglovin.com,30-08-2023,23-04-2024,51.192.212.3,175.176.114.40
401,7890,2204444,,efeedhamb4@blogger.com,26-04-2023,03-12-2023,64.117.171.197,234.100.110.71
402,9012,2203333,,amacaindreisb5@geocities.com,15-10-2023,08-04-2024,109.216.218.237,127.115.122.127
403,1234,2205563,,vkeadyb6@tinyurl.com,15-03-2023,04-12-2023,237.131.4.181,23.135.129.60
404,1234,2204444,,reustaceb7@dion.ne.jp,04-04-2023,01-04-2024,192.122.15.220,235.120.35.187
405,7895,2205678,,rsnailhamb8@deviantart.com,23-09-2023,19-03-2024,203.1.89.193,0.51.75.84
406,1112,2203456,,wnovotnib9@twitpic.com,23-09-2023,04-02-2024,0.132.234.78,172.5.3.186
407,3456,2200000,,kdarrigoba@edublogs.org,08-07-2023,20-07-2024,18.175.10.139,99.192.32.60
408,5678,2205678,,idumelowbb@forbes.com,10-04-2023,18-11-2023,203.125.56.190,112.180.197.231
409,9012,2201234,,pleadleybc@telegraph.co.uk,09-05-2023,05-05-2024,126.132.101.53,142.130.36.250
410,1112,2205698,,hnanellibd@phoca.cz,21-09-2023,05-04-2024,109.131.12.186,7.146.86.53
411,6549,2205678,,dnoycebe@epa.gov,20-04-2023,11-01-2024,61.97.123.168,119.213.181.222
412,5678,2203659,,myellowleebf@stumbleupon.com,17-10-2023,11-04-2024,147.240.178.39,64.196.202.65
413,9012,2205678,,trouthbg@tripadvisor.com,07-03-2023,19-11-2023,250.167.220.180,137.218.1.135
414,1234,2203659,,ecasaribh@skyrock.com,27-10-2023,02-02-2024,207.91.197.107,48.112.150.46
415,7890,2203659,,rspurdenbi@biglobe.ne.jp,20-07-2023,01-04-2024,153.59.1.93,154.0.51.109
416,7890,2203659,,tridingbj@woothemes.com,24-04-2023,11-07-2024,11.238.246.121,121.114.93.180
417,5678,2209012,,gmapletoftbk@usda.gov,21-03-2023,15-02-2024,237.206.16.19,150.192.202.181
418,7895,2204444,,cslowanbl@indiegogo.com,04-06-2023,24-06-2024,138.220.208.225,222.249.112.74
419,1112,2201234,,gbondarbm@miibeian.gov.cn,28-09-2023,20-03-2024,93.45.133.41,18.68.186.45
420,1234,2201112,,fpescodbn@nytimes.com,22-05-2023,07-01-2024,120.40.148.52,199.94.12.135
421,7895,2203659,,gautybo@elegantthemes.com,25-04-2023,12-11-2023,184.219.50.52,55.157.109.187
422,1113,2200000,,cjentinbp@simplemachines.org,13-08-2023,17-04-2024,145.16.47.116,19.41.31.73
423,7890,2200000,,rtorrentbq@webeden.co.uk,24-04-2023,24-12-2023,128.197.73.86,117.96.148.165
424,7890,2203456,,washbrookbr@mediafire.com,27-10-2023,24-11-2023,205.103.129.99,126.164.209.171
425,7895,2201111,,wlavignebs@geocities.com,06-09-2023,26-05-2024,161.204.108.126,132.5.252.192
426,1113,2205678,,adomenicobt@europa.eu,09-04-2023,14-11-2023,242.155.7.134,255.72.64.113
427,3456,2205678,,jchattersbu@biglobe.ne.jp,01-03-2023,20-02-2024,225.221.91.239,67.48.69.95
428,7890,2201112,,rmelledybv@uol.com.br,19-05-2023,02-04-2024,244.74.70.117,91.61.95.167
429,7895,2205698,,oelvidgebw@facebook.com,07-08-2023,26-02-2024,74.164.80.18,165.199.237.158
430,3456,2205698,,galelsandrovichbx@is.gd,04-05-2023,12-02-2024,137.144.181.204,9.185.72.102
431,7895,2201112,,jbroeby@vk.com,02-08-2023,13-06-2024,36.139.26.107,147.96.43.19
432,3456,2203456,,lblaskebz@mtv.com,19-09-2023,11-06-2024,155.126.172.231,118.150.127.33
433,7895,2203659,,lgoliglyc0@google.nl,09-07-2023,04-07-2024,88.194.218.215,193.164.53.221
434,6549,2201112,,aizkovicic1@eventbrite.com,03-10-2023,15-07-2024,255.130.68.59,178.154.50.83
435,9012,2201111,,adunkleyc2@etsy.com,04-03-2023,15-03-2024,128.31.230.223,144.226.100.47
436,9012,2201112,,ahinckesmanc3@samsung.com,06-07-2023,28-04-2024,38.241.193.173,105.113.30.206
437,1112,2201234,,ddecruzec4@goodreads.com,19-06-2023,21-06-2024,26.52.75.230,253.232.124.26
438,9012,2203333,,mgoundrillc5@chronoengine.com,07-05-2023,27-01-2024,122.45.11.179,36.1.54.209
439,3456,2203659,,fquantrellc6@imageshack.us,24-04-2023,18-07-2024,13.143.152.187,6.229.82.206
440,7890,2201234,,cpickwellc7@oakley.com,17-10-2023,09-06-2024,16.22.121.192,143.51.99.195
441,9012,2201234,,bpaulusc8@oracle.com,29-09-2023,14-04-2024,48.193.191.1,189.238.230.163
442,9012,2203659,,jkoppelc9@nbcnews.com,25-07-2023,24-01-2024,221.219.198.126,160.138.53.171
443,7895,2233321,,gloveca@amazon.de,25-04-2023,12-03-2024,18.161.44.105,214.189.138.222
444,1112,2233321,,aglenniecb@cbc.ca,24-09-2023,20-01-2024,77.194.46.30,241.45.107.107
445,7890,2203333,,akennealycc@artisteer.com,28-05-2023,02-07-2024,218.190.252.3,241.220.100.170
446,1113,2203456,,jpeerycd@t.co,06-09-2023,21-04-2024,50.240.57.1,111.17.188.184
447,7890,2203456,,hfranzinice@youku.com,15-08-2023,04-06-2024,145.9.107.249,99.17.145.27
448,3456,2204444,,dmurfordcf@sitemeter.com,01-10-2023,29-06-2024,68.165.240.99,162.26.81.80
449,1113,2203333,,csherwellcg@webeden.co.uk,30-03-2023,27-06-2024,94.64.113.143,221.160.36.225
450,1113,2203456,,ndanherch@auda.org.au,04-10-2023,25-12-2023,23.149.215.185,66.206.110.170
451,1234,2201234,,jbeacomci@google.ru,22-06-2023,06-04-2024,63.158.166.87,160.96.89.147
452,9012,2207890,,lritchardcj@histats.com,31-03-2023,06-05-2024,162.127.127.182,161.97.42.133
453,3456,2201112,,ecowlardck@clickbank.net,15-06-2023,22-04-2024,13.41.97.26,145.242.37.72
454,1112,2209012,,wquirkecl@ftc.gov,05-05-2023,16-06-2024,41.205.187.32,229.20.99.47
455,1234,2205563,,gsumnercm@squidoo.com,30-03-2023,27-04-2024,103.231.47.6,91.242.146.8
456,9012,2203456,,jfulopcn@pagesperso-orange.fr,29-08-2023,20-05-2024,217.21.65.170,91.209.185.250
457,1234,2203659,,lpoateco@last.fm,17-05-2023,27-06-2024,190.45.173.102,245.218.95.216
458,3456,2204444,,bengehamcp@timesonline.co.uk,24-10-2023,18-04-2024,190.80.195.116,200.59.171.122
459,1113,2209012,,rwhitelawcq@eepurl.com,22-03-2023,11-05-2024,68.178.64.251,137.61.204.249
460,5678,2209012,,rpowleslandcr@opensource.org,14-03-2023,23-12-2023,115.41.9.70,7.247.195.165
461,1113,2205568,,gswensoncs@xinhuanet.com,15-06-2023,07-02-2024,160.127.100.86,125.157.34.94
462,9012,2205698,,wbeaushawct@un.org,21-05-2023,10-07-2024,77.124.139.136,134.86.93.193
463,1234,2203659,,rfollowscu@amazon.de,29-03-2023,09-12-2023,120.74.52.126,89.171.238.26
464,6549,2209012,,achishullcv@dagondesign.com,30-05-2023,16-04-2024,245.250.174.74,140.104.47.236
465,9012,2203456,,hhughlincw@php.net,06-06-2023,11-12-2023,164.144.97.195,2.241.80.4
466,7895,2205698,,hfearnsidecx@virginia.edu,10-06-2023,21-07-2024,246.110.49.19,143.204.196.163
467,3456,2201111,,ebluchercy@businessinsider.com,05-03-2023,02-04-2024,118.32.132.211,5.146.140.120
468,7895,2233321,,eakehurstcz@about.me,10-05-2023,14-06-2024,138.135.139.82,152.255.133.30
469,7890,2205698,,laskhamd0@vistaprint.com,15-07-2023,30-04-2024,206.114.137.158,50.97.50.73
470,1234,2203333,,ccornierd1@toplist.cz,13-04-2023,03-08-2024,105.164.71.222,173.108.219.85
471,1112,2201111,,vszymonid2@bloglovin.com,03-10-2023,07-03-2024,152.28.21.249,43.211.180.208
472,9012,2233321,,bpoveled3@youtu.be,30-07-2023,09-01-2024,145.30.184.165,171.203.26.7
473,1112,2233321,,cgogind4@google.de,21-05-2023,22-07-2024,168.246.39.220,116.80.164.53
474,1112,2207890,,atiltd5@sina.com.cn,30-10-2023,29-06-2024,17.19.87.201,40.246.181.126
475,5678,2205568,,avassmand6@reference.com,15-10-2023,18-06-2024,146.217.153.11,16.239.64.62
476,5678,2201112,,mdoubledayd7@dell.com,12-09-2023,28-03-2024,198.100.163.235,28.228.139.184
477,9012,2205563,,ncardowd8@4shared.com,25-10-2023,29-05-2024,30.254.131.45,155.42.171.134
478,1234,2200000,,ecollcuttd9@addthis.com,08-09-2023,15-04-2024,115.224.176.68,137.228.193.174
479,7890,2205698,,mwatlingda@huffingtonpost.com,23-03-2023,10-04-2024,5.240.62.229,117.122.128.20
480,5678,2203659,,mkmentdb@spotify.com,29-07-2023,20-02-2024,0.152.90.17,64.157.227.187
481,9012,2201112,,acapeydc@sciencedirect.com,09-04-2023,16-04-2024,82.237.240.67,39.206.150.66
482,1112,2209012,,zmcelhargydd@booking.com,07-10-2023,13-05-2024,99.209.131.217,97.35.46.143
483,7890,2203333,,bmccurriede@blogtalkradio.com,24-06-2023,26-04-2024,245.47.61.246,160.138.120.3
484,5678,2205563,,smelsondf@arizona.edu,30-10-2023,18-02-2024,66.251.127.158,119.56.116.114
485,9012,2233321,,jscoldingdg@sogou.com,28-03-2023,08-08-2024,169.157.194.28,241.106.7.6
486,6549,2205568,,cbannesterdh@biglobe.ne.jp,25-09-2023,01-01-2024,221.251.194.5,193.44.113.115
487,7895,2201111,,cmouatdi@who.int,13-10-2023,07-04-2024,141.58.18.203,94.188.167.242
488,5678,2205678,,yabrahamowitczdj@github.com,22-03-2023,15-12-2023,154.245.145.53,145.33.51.107
489,3456,2200000,,bgooleydk@jalbum.net,09-09-2023,17-07-2024,168.1.19.20,92.95.223.173
490,1112,2200000,,cdanihelkadl@virginia.edu,04-05-2023,09-12-2023,51.175.121.83,67.203.82.81
491,9012,2207890,,jkervindm@multiply.com,19-10-2023,11-03-2024,194.148.149.188,39.169.39.156
492,5678,2209012,,llethibridgedn@sakura.ne.jp,03-04-2023,10-06-2024,44.174.243.103,172.21.161.40
493,1234,2205568,,pherkessdo@google.ru,30-06-2023,22-11-2023,22.230.253.93,19.32.136.235
494,1112,2207890,,tcotteldp@guardian.co.uk,29-03-2023,12-04-2024,183.218.164.163,65.29.226.74
495,1234,2200000,,lmonaghandq@barnesandnoble.com,24-05-2023,09-06-2024,12.224.17.155,89.134.189.54
496,3456,2201234,,ohadwindr@sun.com,13-08-2023,03-08-2024,123.204.215.102,151.11.64.125
497,7895,2203659,,nwesleyds@purevolume.com,12-07-2023,02-04-2024,243.130.42.138,239.76.44.242
498,3456,2205563,,mnanodt@ehow.com,29-04-2023,09-11-2023,161.57.19.243,196.220.70.232
499,1113,2205568,,asandcraftdu@indiatimes.com,01-05-2023,17-01-2024,129.203.145.129,246.143.27.194
500,5678,2233321,,udigiorgiodv@plala.or.jp,01-06-2023,27-12-2023,4.38.64.216,111.119.89.118
501,5678,2207890,,rteekdw@intel.com,08-05-2023,26-04-2024,209.111.102.118,105.163.249.4
502,5678,2201234,,apedrolidx@barnesandnoble.com,10-08-2023,06-06-2024,58.150.105.167,237.130.179.208
503,5678,2201112,,jcampaignedy@nationalgeographic.com,13-10-2023,29-07-2024,67.254.121.73,112.227.17.67
504,7895,2204444,,lkunischdz@exblog.jp,17-10-2023,26-05-2024,165.119.135.144,60.93.184.238
505,6549,2203659,,deaglestone0@unc.edu,11-07-2023,12-05-2024,160.74.254.137,71.253.72.240
506,1234,2233321,,bbarfoote1@craigslist.org,04-05-2023,08-07-2024,28.50.162.248,31.201.104.103
507,3456,2203659,,cwibrewe2@whitehouse.gov,01-07-2023,01-03-2024,233.116.40.139,192.59.188.117
508,7895,2200000,,ehannahe3@craigslist.org,12-10-2023,14-03-2024,55.40.169.7,159.116.64.251
509,9012,2201112,,emarinere4@shareasale.com,05-08-2023,03-08-2024,91.205.173.210,63.23.51.173
510,3456,2205568,,cstanylande5@admin.ch,05-08-2023,28-12-2023,152.171.70.97,146.82.108.48
511,1113,2200000,,kortase6@mtv.com,22-06-2023,05-03-2024,38.2.140.231,226.204.104.69
512,1112,2201234,,gtorbette7@mediafire.com,23-08-2023,18-04-2024,174.139.137.179,94.34.83.10
513,5678,2205568,,csoopere8@ning.com,10-05-2023,23-04-2024,2.187.154.10,221.227.172.15
514,3456,2201112,,htiddere9@microsoft.com,11-06-2023,24-03-2024,86.99.221.76,148.246.75.214
515,7895,2205563,,bdonisiea@kickstarter.com,30-06-2023,19-01-2024,107.46.156.32,168.138.99.121
516,6549,2201112,,mdecastelaineb@domainmarket.com,15-05-2023,06-04-2024,177.206.52.121,254.1.71.57
517,1113,2203659,,amuellerec@hc360.com,28-09-2023,22-12-2023,65.68.194.154,142.94.72.11
518,7895,2204444,,tohanessianed@blinklist.com,05-10-2023,16-03-2024,50.60.244.34,76.221.71.13
519,1113,2203333,,eethelstonee@wikispaces.com,20-10-2023,03-05-2024,22.234.59.127,147.235.30.184
520,7890,2201234,,ecogganef@google.co.jp,17-03-2023,08-07-2024,38.182.179.254,120.202.12.13
521,1113,2209012,,tmoffateg@homestead.com,30-04-2023,20-04-2024,172.204.144.112,58.144.99.75
522,5678,2209012,,jethridgeeh@skype.com,23-06-2023,06-08-2024,160.201.17.114,223.67.179.40
523,3456,2205568,,sbendanei@blogtalkradio.com,02-03-2023,01-02-2024,75.188.173.75,120.106.241.40
524,5678,2205698,,smossdaleej@meetup.com,29-05-2023,13-04-2024,40.98.34.239,102.254.64.189
525,1113,2205563,,elabbetek@ft.com,20-10-2023,01-04-2024,7.246.149.243,151.94.158.139
526,7890,2209012,,ibouetteel@fotki.com,04-03-2023,03-01-2024,38.103.82.193,160.47.94.160
527,3456,2201112,,fcaldroniem@technorati.com,08-08-2023,09-04-2024,67.153.225.176,136.73.47.231
528,3456,2233321,,acordeleten@sphinn.com,26-09-2023,15-11-2023,192.97.74.143,97.8.215.2
529,1113,2203456,,icodmaneo@dot.gov,16-09-2023,24-11-2023,189.77.48.191,208.191.58.251
530,7895,2233321,,glethleyep@de.vu,05-03-2023,19-03-2024,250.46.206.181,84.142.129.199
531,7895,2205563,,ahasseneq@reference.com,01-05-2023,20-12-2023,199.235.156.107,226.193.127.10
532,1234,2203333,,nanstisser@netscape.com,23-08-2023,22-04-2024,208.79.124.98,117.134.233.135
533,3456,2233321,,nbilverstonees@yolasite.com,14-05-2023,02-02-2024,190.115.139.40,239.154.113.163
534,7890,2233321,,jgurdonet@ycombinator.com,13-04-2023,23-07-2024,163.126.124.29,73.200.243.210
535,7895,2205678,,rfolbigeeu@utexas.edu,24-09-2023,24-04-2024,124.83.0.141,75.162.35.24
536,1113,2209012,,rjadczakev@usa.gov,22-09-2023,14-01-2024,110.252.66.166,148.180.198.145
537,6549,2205678,,osheerinew@sogou.com,09-06-2023,28-04-2024,219.72.126.10,68.193.235.203
538,1234,2233321,,avlachex@walmart.com,30-08-2023,09-08-2024,227.75.237.33,71.235.52.192
539,5678,2203659,,ibrokenshawey@elegantthemes.com,25-07-2023,15-11-2023,225.147.180.145,195.66.89.231
540,5678,2200000,,yannettez@timesonline.co.uk,23-07-2023,13-02-2024,178.72.109.8,166.202.53.172
541,1113,2201112,,pplumerf0@vkontakte.ru,20-08-2023,03-06-2024,120.165.172.244,91.190.137.57
542,5678,2201112,,egolsonf1@shutterfly.com,15-07-2023,29-04-2024,178.235.203.246,238.73.53.143
543,3456,2207890,,dchaimf2@google.fr,05-05-2023,11-07-2024,255.123.55.121,231.232.109.213
544,6549,2200000,,rdebruijnef3@prweb.com,01-07-2023,03-05-2024,120.254.109.26,62.124.106.242
545,5678,2205568,,csmizf4@lycos.com,10-10-2023,23-04-2024,86.145.215.164,74.44.88.103
546,1112,2203456,,mcoalburnf5@gravatar.com,28-08-2023,28-03-2024,28.83.143.109,19.103.118.128
547,9012,2205678,,ivenusf6@multiply.com,27-03-2023,27-07-2024,237.66.123.26,211.80.150.22
548,1112,2203659,,fpeppardf7@who.int,21-10-2023,07-01-2024,176.215.81.126,9.21.29.72
549,6549,2233321,,trowesbyf8@i2i.jp,17-06-2023,27-01-2024,248.209.121.98,248.55.180.112
550,5678,2207890,,lcasonif9@washington.edu,19-06-2023,04-08-2024,162.244.239.30,202.103.19.200
551,7890,2204444,,smacconnellfa@technorati.com,22-03-2023,08-11-2023,174.64.139.239,210.145.85.210
552,9012,2205698,,bdrowsfieldfb@odnoklassniki.ru,22-05-2023,09-08-2024,224.136.107.225,146.195.205.74
553,9012,2207890,,bmccafferkyfc@dmoz.org,02-08-2023,11-07-2024,105.209.64.175,224.168.177.152
554,7895,2205678,,adaubyfd@harvard.edu,02-07-2023,09-04-2024,31.102.58.162,246.177.121.61
555,7895,2205678,,hlefeaverfe@mail.ru,14-06-2023,16-11-2023,199.3.140.99,198.238.129.138
556,1112,2205568,,akupkaff@godaddy.com,26-05-2023,05-03-2024,190.157.14.160,214.10.97.210
557,5678,2233321,,mlaybournefg@domainmarket.com,14-10-2023,10-11-2023,193.49.210.196,244.241.65.236
558,7890,2205568,,moteaguefh@newsvine.com,06-06-2023,05-05-2024,164.239.146.218,203.227.183.101
559,1234,2233321,,dreddiefi@state.gov,20-10-2023,20-02-2024,22.201.227.29,141.120.23.8
560,1234,2205568,,lbarnicottfj@google.com.br,18-03-2023,12-06-2024,167.188.160.11,61.73.100.204
561,7895,2201111,,kbourfk@census.gov,20-10-2023,04-04-2024,51.77.15.69,201.1.11.206
562,9012,2233321,,mphidginfl@eepurl.com,12-06-2023,02-12-2023,215.156.231.3,58.13.120.94
563,1113,2205568,,twhybornfm@ning.com,03-08-2023,10-03-2024,162.9.80.121,64.83.101.104
564,7890,2201112,,lshearwoodfn@samsung.com,11-07-2023,15-02-2024,243.39.171.151,212.43.2.200
565,1113,2209012,,ishurlockfo@slashdot.org,16-10-2023,15-12-2023,51.44.174.92,132.102.104.154
566,7890,2201234,,bmanderfp@google.ca,04-10-2023,01-06-2024,228.252.219.68,227.217.212.173
567,7890,2203456,,dtottfq@reverbnation.com,08-08-2023,04-07-2024,113.129.251.160,17.125.198.20
568,1234,2209012,,revensdenfr@ycombinator.com,25-03-2023,20-07-2024,229.223.3.173,222.47.11.147
569,7895,2205563,,aumfreyfs@freewebs.com,01-06-2023,25-11-2023,97.102.227.110,23.129.135.78
570,1112,2205698,,rovendaleft@rambler.ru,21-09-2023,02-02-2024,150.133.155.89,197.7.52.176
571,9012,2203659,,snewlovefu@dyndns.org,17-03-2023,16-05-2024,31.18.123.16,70.187.96.191
572,9012,2205678,,btaschfv@sina.com.cn,11-05-2023,28-03-2024,208.160.213.50,166.242.230.161
573,3456,2205568,,wgavaganfw@icio.us,24-09-2023,11-06-2024,84.82.27.205,205.173.186.222
574,7890,2203456,,csexonfx@edublogs.org,20-10-2023,29-05-2024,237.102.249.132,214.253.88.99
575,1234,2205678,,kyukhninify@qq.com,12-05-2023,13-05-2024,14.195.38.28,120.98.75.119
576,1112,2205678,,kpratorfz@ask.com,03-10-2023,13-01-2024,119.135.174.215,53.105.17.242
577,7895,2205563,,hmcaveyg0@google.cn,01-07-2023,04-06-2024,16.207.215.75,7.207.26.181
578,1234,2205678,,acaytong1@washington.edu,01-07-2023,10-01-2024,217.55.41.123,168.84.65.94
579,1112,2201111,,rcromleyg2@unesco.org,21-07-2023,19-07-2024,232.70.146.209,38.225.227.171
580,5678,2200000,,rsearchwellg3@istockphoto.com,06-04-2023,05-08-2024,134.190.81.61,190.2.241.148
581,6549,2205563,,kwerendellg4@oakley.com,15-08-2023,09-07-2024,240.15.19.208,185.187.212.28
582,1234,2205568,,tlamberthg5@blog.com,05-03-2023,28-04-2024,211.193.91.146,14.101.159.136
583,1113,2207890,,pcometsong6@hexun.com,03-07-2023,15-12-2023,136.7.144.12,93.143.225.148
584,9012,2205678,,aesposig7@apache.org,05-10-2023,15-05-2024,60.167.223.41,39.122.63.94
585,5678,2207890,,salening8@engadget.com,18-05-2023,30-05-2024,250.38.168.247,38.167.78.87
586,1234,2233321,,dcolleckg9@bravesites.com,11-07-2023,25-11-2023,43.126.8.22,56.181.14.79
587,1113,2205563,,lpadburyga@google.co.jp,09-06-2023,12-04-2024,118.233.224.140,79.219.149.63
588,1234,2203456,,dmatthausgb@un.org,25-08-2023,27-06-2024,23.87.192.86,237.159.87.216
589,7890,2205698,,jpeskingc@forbes.com,11-08-2023,17-01-2024,237.55.69.18,46.46.139.128
590,1234,2200000,,hatleegd@ihg.com,21-07-2023,06-06-2024,78.31.17.62,234.126.83.102
591,1112,2200000,,ghewsge@scientificamerican.com,19-05-2023,25-06-2024,170.85.115.8,11.172.94.115
592,1113,2200000,,erodbournegf@vk.com,15-09-2023,07-05-2024,167.127.85.166,98.58.163.28
593,1113,2201112,,iliversagegg@dion.ne.jp,04-10-2023,16-04-2024,227.64.217.49,123.58.88.182
594,1234,2203333,,vbartolomeonigh@phpbb.com,01-04-2023,14-06-2024,248.90.11.67,66.42.238.68
595,7890,2205678,,hmallordgi@time.com,24-05-2023,01-01-2024,229.171.110.110,138.89.124.185
596,7890,2203456,,jizodgj@techcrunch.com,10-03-2023,01-06-2024,193.38.199.185,211.188.238.10
597,7890,2200000,,ttruswellgk@scribd.com,18-08-2023,28-06-2024,8.159.177.88,55.185.18.251
598,1234,2200000,,acatlinggl@columbia.edu,29-03-2023,13-03-2024,164.229.229.22,64.133.112.172
599,7895,2204444,,joldroydegm@house.gov,30-08-2023,30-06-2024,218.150.178.44,151.225.85.1
600,5678,2205568,,adeclercqgn@ihg.com,18-06-2023,26-02-2024,135.39.222.64,87.249.133.246
601,5678,2201111,,aprestagego@nytimes.com,03-04-2023,16-07-2024,40.63.195.158,98.213.158.123
602,6549,2203659,,gstrivensgp@addtoany.com,20-08-2023,31-12-2023,233.57.5.194,163.18.142.179
603,6549,2203659,,nwitheringtongq@oakley.com,06-08-2023,12-12-2023,164.254.30.0,187.207.230.43
604,3456,2203333,,abuzzinggr@utexas.edu,25-03-2023,10-08-2024,98.205.97.200,32.179.232.113
605,6549,2201112,,cjozsikags@ycombinator.com,08-09-2023,06-04-2024,226.174.178.254,235.65.223.184
606,1112,2205563,,dmatignongt@blogger.com,17-06-2023,08-06-2024,24.136.59.74,128.232.4.100
607,7895,2200000,,hborrottgu@ucla.edu,21-05-2023,26-07-2024,77.152.152.34,89.163.219.18
608,1112,2207890,,ssnellegv@flavors.me,01-08-2023,22-05-2024,46.185.119.124,227.34.56.62
609,7895,2201234,,fmapothergw@imgur.com,08-07-2023,01-04-2024,92.146.87.114,93.19.178.202
610,7895,2204444,,cbrownleegx@addthis.com,09-05-2023,28-06-2024,216.64.84.146,146.231.3.71
611,7895,2200000,,jarbongy@godaddy.com,30-06-2023,24-02-2024,170.16.190.192,107.101.142.165
612,1112,2233321,,gguidengz@tinypic.com,10-04-2023,03-07-2024,135.167.71.125,196.220.38.52
613,1113,2203456,,nbeetonh0@over-blog.com,21-05-2023,22-11-2023,236.150.167.103,39.175.79.2
614,1113,2205678,,hackeryh1@gov.uk,19-10-2023,08-11-2023,129.228.133.118,113.220.194.88
615,7895,2203659,,gconah2@unicef.org,19-09-2023,07-08-2024,114.96.18.22,113.183.189.187
616,7895,2203333,,kleymanh3@house.gov,07-03-2023,10-01-2024,84.55.192.220,243.192.194.106
617,1113,2205678,,shobellh4@boston.com,20-09-2023,17-11-2023,198.27.85.98,91.54.164.195
618,7890,2203456,,phounsomeh5@google.pl,18-07-2023,20-12-2023,200.53.98.174,99.202.64.100
619,1112,2201234,,ecradoch6@wikia.com,29-09-2023,15-05-2024,213.253.89.60,166.54.100.99
620,1112,2233321,,jladleyh7@berkeley.edu,29-03-2023,12-02-2024,35.120.80.95,63.239.70.23
621,3456,2233321,,clehrerh8@hugedomains.com,19-10-2023,05-07-2024,200.77.16.19,81.10.244.125
622,6549,2207890,,hquinceyh9@freewebs.com,12-07-2023,17-11-2023,40.169.198.49,154.252.68.132
623,1113,2201111,,jelixha@shinystat.com,30-07-2023,22-03-2024,24.175.107.151,15.70.52.72
624,1112,2205698,,mrosettihb@wikia.com,08-05-2023,26-06-2024,172.215.48.77,198.111.154.65
625,5678,2205568,,lgitshamhc@behance.net,07-10-2023,09-07-2024,248.147.164.170,155.103.113.13
626,6549,2200000,,ballawayhd@ask.com,22-03-2023,05-01-2024,242.60.108.127,6.97.134.156
627,7895,2201111,,tbrillhe@goo.ne.jp,26-05-2023,08-01-2024,40.143.244.166,64.193.208.208
628,5678,2203456,,kgudgerhf@dailymotion.com,03-04-2023,06-08-2024,135.0.197.167,89.19.121.52
629,1113,2201112,,kferneyhg@alibaba.com,23-06-2023,25-02-2024,63.111.61.127,22.243.128.118
630,6549,2233321,,jeyckelhh@dailymotion.com,16-03-2023,31-03-2024,241.13.36.154,76.151.190.87
631,3456,2205698,,spentonyhi@discuz.net,21-05-2023,27-02-2024,36.79.65.106,95.199.167.62
632,7895,2207890,,dengehamhj@virginia.edu,03-04-2023,10-06-2024,69.248.216.40,209.215.174.99
633,1112,2205563,,rdaguannohk@xing.com,09-09-2023,02-04-2024,2.214.25.210,36.206.107.219
634,1234,2205678,,mbortolonihl@google.es,09-09-2023,17-05-2024,194.188.138.12,125.159.169.13
635,3456,2205678,,mkildalehm@dagondesign.com,25-07-2023,16-07-2024,185.92.6.55,243.169.143.158
636,3456,2233321,,cshealshn@geocities.com,01-03-2023,10-02-2024,8.38.12.100,187.74.46.133
637,3456,2207890,,clawsonho@latimes.com,12-03-2023,14-07-2024,191.159.225.218,69.252.183.172
638,6549,2205568,,sbaudinshp@naver.com,10-05-2023,16-01-2024,246.122.39.218,65.223.193.66
639,3456,2233321,,clowmasshq@taobao.com,21-04-2023,26-01-2024,79.42.43.120,152.180.87.24
640,7895,2200000,,ggatrellhr@discovery.com,04-03-2023,03-04-2024,75.217.104.217,114.198.87.178
641,1112,2201112,,csinsonhs@furl.net,16-07-2023,06-12-2023,102.39.188.162,153.110.5.60
642,1113,2207890,,spenrethht@edublogs.org,17-04-2023,23-04-2024,61.177.211.96,243.184.186.95
643,7895,2203456,,iashelfordhu@theguardian.com,23-09-2023,30-11-2023,143.68.223.238,94.222.146.87
644,1112,2205678,,dwieldhv@tiny.cc,03-04-2023,22-02-2024,196.166.132.182,40.220.170.183
645,5678,2201111,,obakewellhw@microsoft.com,26-09-2023,04-02-2024,121.106.151.194,35.93.178.56
646,1113,2205698,,pnelseyhx@cam.ac.uk,13-04-2023,12-07-2024,147.56.47.39,133.119.99.2
647,9012,2204444,,lpapehy@twitpic.com,22-05-2023,26-06-2024,255.81.31.64,240.78.76.233
648,7890,2204444,,ghartinhz@umich.edu,24-05-2023,01-01-2024,126.119.127.147,234.109.21.78
649,1112,2201234,,churli0@cisco.com,22-05-2023,07-08-2024,252.190.202.242,252.16.193.124
650,3456,2233321,,snelthropi1@mit.edu,17-04-2023,03-04-2024,108.139.113.148,28.77.53.79
651,1234,2209012,,jcaughti2@marriott.com,13-03-2023,16-05-2024,227.65.145.93,194.56.3.129
652,1112,2203456,,sborami3@soundcloud.com,02-07-2023,17-11-2023,55.77.175.38,240.139.141.128
653,1113,2200000,,mstoecki4@diigo.com,17-10-2023,22-07-2024,214.124.56.71,196.126.37.75
654,7895,2201112,,ccollerani5@qq.com,14-07-2023,05-01-2024,228.171.99.209,93.11.210.105
655,1113,2201112,,okidmani6@oakley.com,07-03-2023,23-12-2023,202.220.1.64,124.47.135.78
656,5678,2233321,,jbridgetti7@sakura.ne.jp,14-04-2023,11-07-2024,212.93.7.34,102.109.163.86
657,1113,2204444,,cjorgeri8@shareasale.com,28-10-2023,19-01-2024,250.61.219.50,75.17.88.206
658,6549,2201112,,ctremmili9@sun.com,25-06-2023,14-06-2024,231.242.248.29,19.8.209.226
659,1112,2205678,,fdelafieldia@netvibes.com,28-05-2023,11-01-2024,217.23.233.113,215.71.5.195
660,1112,2205678,,cokieltib@baidu.com,31-03-2023,06-12-2023,205.60.201.230,221.255.244.119
661,9012,2233321,,mcooringtonic@dell.com,26-04-2023,06-04-2024,81.19.52.3,230.73.19.251
662,9012,2201234,,digglesdenid@accuweather.com,25-10-2023,04-01-2024,216.143.223.73,145.231.145.118
663,1234,2201112,,scholmondeleyie@usda.gov,15-08-2023,09-12-2023,145.159.212.155,246.135.240.239
664,9012,2207890,,fhaisellif@cargocollective.com,05-03-2023,25-03-2024,164.5.226.23,151.124.3.142
665,1112,2205563,,criccioneig@wisc.edu,24-08-2023,12-06-2024,115.26.141.199,162.232.122.97
666,1112,2201112,,hstrutzih@mlb.com,20-09-2023,27-11-2023,22.84.193.31,239.149.190.131
667,1113,2233321,,rhampsonii@homestead.com,03-10-2023,21-06-2024,149.145.237.113,71.226.91.134
668,1234,2203333,,sdettmarij@github.com,23-04-2023,20-01-2024,4.161.166.52,165.70.199.219
669,9012,2207890,,mpowlingik@europa.eu,01-07-2023,24-11-2023,170.140.122.215,166.72.92.148
670,9012,2205678,,cgiacomoil@constantcontact.com,20-07-2023,25-07-2024,171.36.176.129,112.85.188.135
671,9012,2233321,,ifabbriim@va.gov,05-06-2023,01-04-2024,103.133.251.63,244.71.141.255
672,1234,2201111,,kjanningsin@nhs.uk,26-09-2023,26-01-2024,100.10.39.237,95.104.241.191
673,1112,2207890,,dpellittio@sbwire.com,26-10-2023,24-11-2023,76.89.169.240,98.86.168.67
674,7890,2205698,,cbellwoodip@cloudflare.com,15-03-2023,08-06-2024,206.38.192.10,107.223.75.141
675,7895,2203333,,jrandiq@cbslocal.com,18-06-2023,28-12-2023,253.41.53.65,56.39.1.219
676,1112,2207890,,kmarlorir@sitemeter.com,26-03-2023,14-07-2024,74.238.56.171,246.175.215.234
677,5678,2203659,,hmillimoeis@dagondesign.com,28-03-2023,06-08-2024,70.245.21.187,19.232.91.9
678,1113,2209012,,tmckernit@utexas.edu,28-10-2023,25-06-2024,212.213.10.107,252.138.222.26
679,6549,2207890,,irootiu@livejournal.com,18-09-2023,11-05-2024,79.87.171.19,50.46.34.168
680,6549,2203456,,acridloniv@mozilla.org,13-04-2023,26-05-2024,8.68.88.143,18.71.151.66
681,1234,2207890,,qraittieiw@microsoft.com,19-09-2023,14-12-2023,142.144.226.140,184.46.46.197
682,7890,2205698,,dpudneyix@exblog.jp,17-04-2023,14-11-2023,52.125.26.201,52.229.24.182
683,7890,2203456,,pstrobaniy@weather.com,10-06-2023,19-02-2024,113.158.76.101,215.63.226.70
684,1113,2233321,,mlindforsiz@craigslist.org,02-05-2023,01-05-2024,138.238.86.224,199.71.201.77
685,1112,2233321,,mrustichj0@abc.net.au,15-07-2023,25-04-2024,65.197.203.21,35.196.156.232
686,3456,2203333,,mturnockj1@bravesites.com,01-03-2023,23-03-2024,251.78.251.129,24.198.150.120
687,5678,2233321,,abairdj2@umn.edu,26-04-2023,11-03-2024,107.201.25.45,152.181.118.137
688,5678,2207890,,dcarlosj3@hao123.com,03-03-2023,03-04-2024,214.174.189.177,244.163.184.232
689,1234,2205563,,hcrutj4@deviantart.com,14-03-2023,26-11-2023,27.62.103.0,115.195.107.20
690,1234,2200000,,ceassomj5@usatoday.com,09-05-2023,12-12-2023,202.234.238.251,26.232.55.108
691,1113,2205678,,dricharsonj6@go.com,16-06-2023,27-06-2024,157.83.15.211,94.64.197.165
692,9012,2205568,,cdeferrarij7@cbc.ca,20-09-2023,02-12-2023,66.97.119.169,171.97.53.56
693,3456,2201234,,lvonasekj8@tamu.edu,28-09-2023,01-06-2024,123.4.53.130,139.39.94.116
694,1234,2201111,,dbrockingtonj9@cbslocal.com,08-06-2023,09-05-2024,140.6.179.75,141.229.237.225
695,1234,2200000,,kbiaggiottija@google.pl,10-06-2023,12-06-2024,55.89.209.198,40.110.168.13
696,1112,2204444,,abideweljb@netvibes.com,25-09-2023,22-02-2024,206.239.99.223,249.201.96.6
697,9012,2203659,,janandjc@sohu.com,01-05-2023,07-05-2024,204.5.249.59,248.33.174.73
698,7895,2203333,,wlusherjd@dagondesign.com,29-05-2023,20-05-2024,110.174.11.204,145.113.63.89
699,5678,2205568,,fsimmenje@list-manage.com,30-10-2023,01-06-2024,219.199.179.123,207.66.14.222
700,9012,2203333,,heakleejf@wp.com,20-04-2023,04-04-2024,94.175.232.15,189.207.248.151
701,5678,2201234,,gstangerjg@stanford.edu,28-09-2023,12-03-2024,80.213.128.194,12.82.238.237
702,1113,2207890,,kchecojh@mlb.com,17-07-2023,20-07-2024,56.80.155.207,196.62.201.137
703,9012,2200000,,jkaufmanji@csmonitor.com,13-04-2023,04-11-2023,31.128.240.160,139.1.195.225
704,3456,2200000,,bkoppkejj@feedburner.com,10-06-2023,06-08-2024,184.157.76.125,203.174.214.114
705,7890,2205678,,npechtjk@wiley.com,17-10-2023,04-04-2024,10.241.86.131,141.56.80.50
706,3456,2209012,,azealejl@gravatar.com,19-05-2023,17-07-2024,67.92.93.18,104.219.138.191
707,1113,2209012,,ewharltonjm@360.cn,12-09-2023,31-07-2024,151.152.253.19,79.13.13.24
708,3456,2233321,,dbrevetorjn@liveinternet.ru,07-06-2023,08-05-2024,73.156.151.115,185.138.21.235
709,3456,2201112,,tmccaigjo@i2i.jp,15-10-2023,12-02-2024,128.23.2.227,78.149.167.168
710,7890,2205678,,dsimonotjp@dot.gov,01-05-2023,16-06-2024,209.197.27.78,226.231.50.174
711,7890,2201111,,cpeceyjq@nih.gov,15-07-2023,17-04-2024,206.82.245.235,243.211.202.158
712,3456,2201112,,abullinghamjr@php.net,26-08-2023,07-03-2024,230.8.64.191,108.75.86.204
713,9012,2205678,,nalvarjs@dailymail.co.uk,04-07-2023,26-11-2023,189.171.74.254,170.98.163.119
714,5678,2201112,,rgrubbjt@go.com,11-08-2023,20-07-2024,36.241.62.163,151.205.59.228
715,1113,2204444,,ejostanju@feedburner.com,17-09-2023,05-11-2023,220.30.112.246,143.84.212.10
716,1112,2233321,,lmasicjv@ucsd.edu,19-09-2023,14-01-2024,156.182.167.10,225.72.223.212
717,6549,2204444,,bmacalasterjw@dion.ne.jp,26-06-2023,12-12-2023,23.13.103.166,171.185.149.38
718,7890,2204444,,hquibelljx@altervista.org,21-06-2023,12-01-2024,202.185.94.244,70.16.19.137
719,7890,2205563,,mhinschejy@usatoday.com,24-07-2023,16-07-2024,244.250.196.9,112.101.127.9
720,7890,2233321,,lodochertyjz@163.com,09-08-2023,14-06-2024,177.82.127.249,247.91.19.184
721,7890,2203456,,zgosnoldk0@home.pl,12-06-2023,16-06-2024,30.251.210.183,114.210.87.65
722,7890,2201234,,bseawellk1@cornell.edu,10-07-2023,10-07-2024,81.124.249.1,60.118.229.248
723,6549,2205678,,wpurkissk2@buzzfeed.com,30-04-2023,09-06-2024,9.174.94.15,53.143.19.106
724,7895,2201234,,dstartenk3@tuttocitta.it,17-03-2023,17-06-2024,111.116.179.212,185.42.214.118
725,7890,2201111,,vmcgeek4@java.com,29-04-2023,11-07-2024,251.192.172.46,167.94.131.225
726,7895,2203333,,fcowinsk5@ibm.com,15-05-2023,19-12-2023,201.254.111.20,63.105.231.135
727,9012,2203659,,nvalderk6@nba.com,22-10-2023,05-11-2023,9.229.175.156,70.129.30.141
728,1112,2201234,,darnoldsk7@state.gov,29-03-2023,06-05-2024,238.2.34.165,151.115.82.88
729,3456,2200000,,amcphelimeyk8@stanford.edu,29-04-2023,28-12-2023,28.125.35.34,167.123.59.20
730,1234,2209012,,lkopischk9@nba.com,29-03-2023,30-05-2024,174.143.30.103,120.7.56.41
731,1234,2233321,,bwhittyka@blogspot.com,05-06-2023,13-11-2023,214.186.182.208,237.78.211.148
732,9012,2200000,,enervalkb@google.es,18-10-2023,06-06-2024,140.21.104.203,1.97.118.218
733,9012,2209012,,grenoufkc@netvibes.com,05-04-2023,30-01-2024,100.178.252.244,205.177.14.39
734,1112,2203659,,hharneskd@sina.com.cn,31-03-2023,02-01-2024,239.209.13.222,22.84.217.235
735,7895,2203659,,smesantke@gnu.org,17-05-2023,01-07-2024,111.251.189.128,197.191.168.170
736,9012,2201234,,ggreensmithkf@cbsnews.com,27-03-2023,06-02-2024,62.1.165.109,54.216.3.85
737,9012,2201112,,dhanscomkg@theguardian.com,11-08-2023,25-07-2024,151.225.128.114,59.105.208.91
738,3456,2201112,,ederlkh@sciencedirect.com,30-08-2023,19-11-2023,132.14.64.110,182.225.19.130
739,9012,2203659,,bhammentski@epa.gov,21-07-2023,21-04-2024,234.15.175.9,46.143.195.89
740,1234,2200000,,ecrittalkj@nydailynews.com,15-07-2023,04-03-2024,187.43.117.108,195.174.165.74
741,3456,2209012,,asawdenkk@xing.com,04-07-2023,11-02-2024,105.201.231.143,21.236.99.85
742,6549,2203456,,bbrasenerkl@issuu.com,28-07-2023,28-07-2024,17.160.69.51,204.177.93.76
743,7890,2200000,,acherrettkm@behance.net,01-07-2023,19-02-2024,147.253.203.116,225.16.198.188
744,3456,2203659,,kdecristoforokn@smh.com.au,08-03-2023,28-04-2024,75.213.207.244,195.116.234.1
745,9012,2209012,,mfroodko@unicef.org,21-09-2023,31-05-2024,107.157.34.83,247.130.141.24
746,5678,2209012,,jjellimankp@telegraph.co.uk,02-05-2023,16-01-2024,188.20.60.62,223.115.206.9
747,1113,2201234,,ifirpokq@unblog.fr,19-04-2023,30-03-2024,135.76.198.224,174.155.239.77
748,3456,2201111,,tchristaeaskr@state.tx.us,29-06-2023,12-04-2024,36.24.200.242,130.182.79.152
749,6549,2203456,,rmithonks@dedecms.com,14-04-2023,20-05-2024,124.241.82.149,170.119.76.172
750,7895,2205698,,nkauschekt@wikia.com,02-07-2023,11-03-2024,150.34.179.30,208.121.171.41
751,1234,2203659,,sdahmkeku@ucoz.ru,31-07-2023,24-07-2024,240.141.31.90,169.141.148.119
752,1112,2205698,,showiskv@fotki.com,01-06-2023,01-01-2024,231.198.101.79,18.217.83.45
753,7895,2201234,,kpeagramkw@blinklist.com,20-04-2023,11-08-2024,186.241.99.164,34.10.238.8
754,1234,2233321,,nscholardkx@guardian.co.uk,08-07-2023,05-06-2024,194.100.126.222,222.63.116.2
755,5678,2200000,,aedmondsonky@narod.ru,21-06-2023,17-01-2024,40.117.87.87,127.188.13.90
756,7895,2200000,,cgerretskz@cargocollective.com,15-10-2023,23-06-2024,145.198.211.86,237.206.149.49
757,7895,2201112,,mpeakmanl0@hostgator.com,02-09-2023,27-12-2023,237.117.43.178,144.78.75.43
758,1234,2201112,,fmacallasterl1@ameblo.jp,29-09-2023,23-07-2024,232.0.231.200,184.165.147.24
759,3456,2207890,,agounyl2@dailymotion.com,21-04-2023,07-11-2023,3.103.255.12,1.217.219.51
760,9012,2203659,,gspragingl3@nationalgeographic.com,02-08-2023,24-05-2024,236.8.229.180,228.46.160.226
761,1112,2201112,,hmuffittl4@amazon.co.jp,26-08-2023,04-02-2024,168.27.47.156,66.95.9.136
762,3456,2201111,,amollisonl5@cnet.com,22-05-2023,30-12-2023,122.245.226.57,43.215.141.55
763,6549,2204444,,astrappl6@dailymotion.com,07-06-2023,03-07-2024,203.11.198.119,138.134.8.121
764,6549,2200000,,aaickinl7@ebay.co.uk,11-08-2023,30-07-2024,113.82.96.61,1.231.221.104
765,1112,2201234,,pgoodleyl8@boston.com,03-09-2023,04-12-2023,252.234.180.209,9.28.247.99
766,9012,2203456,,cleborgnel9@ameblo.jp,16-04-2023,12-04-2024,32.252.47.183,162.202.31.165
767,1112,2209012,,jnorkuttla@icio.us,16-07-2023,15-06-2024,17.13.148.223,209.76.8.99
768,6549,2203456,,spedwelllb@hugedomains.com,13-06-2023,29-03-2024,246.252.39.233,192.10.53.44
769,9012,2203456,,ndecarolislc@reverbnation.com,23-07-2023,06-01-2024,91.115.119.64,211.6.234.79
770,6549,2209012,,mgeanyld@narod.ru,30-10-2023,06-03-2024,139.103.38.37,54.66.169.82
771,9012,2201112,,cgentilele@skype.com,22-09-2023,11-07-2024,47.172.98.218,225.255.223.231
772,1234,2200000,,bmyderscoughlf@rediff.com,06-09-2023,05-01-2024,109.97.116.219,41.68.30.101
773,1234,2203659,,lspillettlg@yellowbook.com,19-09-2023,24-12-2023,91.39.34.3,64.106.69.72
774,1234,2201234,,mdupreylh@mozilla.com,17-04-2023,04-08-2024,154.56.243.129,100.55.133.45
775,6549,2203456,,fpartingtonli@bloomberg.com,28-04-2023,05-08-2024,47.239.7.166,39.247.203.198
776,1234,2201234,,llimbournelj@ca.gov,23-06-2023,25-03-2024,101.127.80.77,92.127.187.128
777,3456,2204444,,nstroobandlk@imdb.com,29-10-2023,14-02-2024,115.95.184.223,231.162.232.93
778,3456,2233321,,wfolbigell@infoseek.co.jp,06-04-2023,26-01-2024,100.244.65.201,252.62.63.215
779,6549,2233321,,cbohmanlm@ow.ly,15-05-2023,13-06-2024,152.125.2.206,249.83.22.8
780,9012,2203456,,ccrudgintonln@cbsnews.com,16-08-2023,18-02-2024,219.200.27.41,231.18.197.240
781,3456,2201111,,pbolflo@rakuten.co.jp,08-08-2023,28-02-2024,136.23.110.97,185.235.136.106
782,1234,2205698,,nkeoghanelp@miibeian.gov.cn,14-07-2023,31-12-2023,88.247.80.19,117.145.21.39
783,1112,2200000,,oflacklq@dailymotion.com,07-03-2023,14-11-2023,179.99.152.247,3.238.164.29
784,5678,2205678,,hwoolardlr@ning.com,10-07-2023,01-04-2024,250.132.221.32,221.3.84.97
785,5678,2205568,,clattyls@phpbb.com,09-08-2023,16-11-2023,218.174.37.56,192.176.153.158
786,6549,2203333,,ffallowslt@woothemes.com,07-05-2023,27-05-2024,223.121.148.42,16.254.241.121
787,1113,2205678,,spavluklu@aol.com,30-09-2023,18-01-2024,54.88.75.163,0.167.115.61
788,1112,2205568,,bedysonlv@dyndns.org,30-07-2023,16-06-2024,67.108.45.51,175.111.52.237
789,5678,2205698,,babelllw@bigcartel.com,11-05-2023,28-02-2024,175.127.80.111,7.220.212.15
790,3456,2201112,,pbraundslx@nymag.com,29-05-2023,19-12-2023,67.48.238.179,225.45.162.249
791,3456,2205563,,tnewcomenly@sitemeter.com,08-03-2023,22-07-2024,203.79.239.23,123.77.84.62
792,1112,2205698,,mfortenlz@usgs.gov,28-09-2023,02-02-2024,31.28.191.179,254.137.112.139
793,9012,2205563,,tculveym0@tinyurl.com,12-03-2023,06-05-2024,202.135.123.102,79.69.47.212
794,5678,2205698,,rgreirm1@omniture.com,25-07-2023,12-02-2024,141.154.180.43,144.246.53.46
795,9012,2205678,,sdemanchem2@army.mil,31-05-2023,10-08-2024,127.29.18.235,81.63.31.215
796,1112,2205568,,ndeblem3@reddit.com,14-08-2023,10-11-2023,69.9.218.50,214.38.233.77
797,9012,2204444,,hcrispem4@csmonitor.com,05-06-2023,31-07-2024,112.55.249.32,95.75.37.177
798,3456,2205698,,nmackeigm5@yellowpages.com,30-04-2023,09-06-2024,149.170.68.191,223.132.180.90
799,9012,2200000,,cblakedenm6@mysql.com,15-05-2023,07-01-2024,197.237.224.189,161.40.53.134
800,9012,2207890,,wquarrym7@berkeley.edu,09-10-2023,08-02-2024,171.117.243.160,142.152.91.240
801,1112,2203333,,awakerleym8@weibo.com,30-05-2023,22-04-2024,126.230.136.41,133.47.171.207
802,9012,2203333,,zplastowm9@networkadvertising.org,23-08-2023,22-06-2024,97.183.44.141,133.120.194.106
803,1112,2203333,,cleylandma@goo.gl,02-05-2023,11-05-2024,54.241.194.144,201.92.89.124
804,5678,2205698,,bthickinmb@comcast.net,17-04-2023,28-02-2024,231.124.13.240,58.104.202.214
805,3456,2205563,,pbrewertonmc@g.co,12-09-2023,14-05-2024,210.11.151.92,37.84.241.127
806,7890,2203456,,hgritskovmd@smh.com.au,25-04-2023,11-04-2024,1.142.189.232,45.95.113.180
807,3456,2205563,,mgaskampme@hhs.gov,19-08-2023,01-12-2023,91.240.68.199,132.221.188.36
808,9012,2205678,,fpleassmf@phoca.cz,18-03-2023,08-08-2024,215.167.63.111,150.123.110.143
809,1112,2203456,,kbatripmg@toplist.cz,15-08-2023,21-11-2023,79.82.213.218,230.129.229.83
810,1234,2207890,,kjacobsohnmh@hc360.com,19-07-2023,11-03-2024,47.24.62.209,78.64.10.81
811,9012,2204444,,akarbymi@nhs.uk,10-04-2023,29-03-2024,16.234.22.101,175.42.39.192
812,1113,2233321,,nnastmj@spotify.com,25-05-2023,16-02-2024,98.39.24.144,245.120.190.242
813,3456,2205563,,mconeleymk@ft.com,10-09-2023,24-04-2024,126.75.3.8,100.246.47.193
814,5678,2201111,,mcherrettml@berkeley.edu,10-10-2023,24-07-2024,86.30.176.220,165.247.166.45
815,1113,2203659,,sgurneymm@phoca.cz,13-09-2023,03-12-2023,172.245.27.153,171.192.66.150
816,1234,2203659,,gtemblettmn@oaic.gov.au,16-08-2023,15-07-2024,149.212.199.40,30.21.218.201
817,9012,2203456,,lwadforthmo@theatlantic.com,02-03-2023,24-05-2024,67.158.147.18,103.18.155.30
818,6549,2203456,,adownmp@uol.com.br,02-07-2023,29-03-2024,132.144.158.9,243.219.158.64
819,7895,2203456,,ahillenmq@theglobeandmail.com,30-05-2023,30-05-2024,59.117.47.60,93.236.76.156
820,9012,2207890,,lheavysidemr@phoca.cz,13-04-2023,12-03-2024,62.10.195.202,181.165.90.226
821,3456,2200000,,mwilldenms@reference.com,14-10-2023,20-06-2024,127.221.31.225,238.187.43.56
822,9012,2205563,,adunphiemt@tuttocitta.it,05-08-2023,06-02-2024,130.240.30.202,47.131.124.248
823,6549,2203333,,tshallcrossmu@mayoclinic.com,02-06-2023,19-02-2024,72.175.128.220,7.7.74.11
824,7890,2205568,,kjovicmv@si.edu,15-08-2023,03-06-2024,133.243.133.85,116.166.207.62
825,7895,2205698,,dtinkermw@dailymotion.com,22-09-2023,15-06-2024,137.160.140.186,127.181.164.110
826,1112,2205678,,asircombmx@cdc.gov,18-08-2023,06-12-2023,207.223.30.99,3.152.29.255
827,9012,2205563,,erihanekmy@edublogs.org,31-05-2023,19-01-2024,131.162.186.227,22.242.54.153
828,6549,2205568,,rcholwellmz@sciencedirect.com,07-07-2023,29-02-2024,144.79.161.166,202.112.58.121
829,5678,2203456,,akeitleyn0@abc.net.au,22-03-2023,16-03-2024,239.80.224.43,42.198.168.33
830,1113,2205563,,ncreesen1@squarespace.com,15-03-2023,09-07-2024,48.81.215.85,209.119.54.47
831,9012,2205568,,tselbachn2@behance.net,24-09-2023,09-08-2024,229.246.196.178,36.150.50.201
832,7890,2233321,,ehargessn3@arstechnica.com,19-04-2023,28-01-2024,228.177.172.218,93.206.154.251
833,7895,2203333,,ovannarn4@who.int,23-09-2023,22-11-2023,146.216.179.50,166.187.121.139
834,1113,2203659,,mranaldn5@geocities.com,23-04-2023,10-02-2024,216.158.187.144,156.216.63.181
835,7895,2209012,,thanafordn6@earthlink.net,13-09-2023,30-05-2024,93.76.191.143,9.156.18.145
836,1113,2203456,,paizikn7@fotki.com,12-06-2023,26-03-2024,162.88.194.167,123.170.44.59
837,1112,2203659,,cgeallen8@bravesites.com,02-09-2023,03-06-2024,55.50.199.208,245.112.41.82
838,6549,2203456,,tyouden9@mediafire.com,01-04-2023,22-02-2024,64.222.152.83,94.20.219.76
839,5678,2205698,,cpalfreemanna@wikispaces.com,20-10-2023,01-04-2024,139.167.154.215,6.210.212.75
840,1113,2205678,,syusupovnb@pcworld.com,30-05-2023,27-11-2023,247.73.172.152,210.76.153.80
841,7890,2201111,,cmetzingnc@narod.ru,18-09-2023,24-11-2023,220.38.129.58,190.84.33.191
842,1113,2209012,,tlatehousend@discovery.com,08-06-2023,20-01-2024,193.21.85.168,101.244.176.149
843,1112,2201111,,ephupratene@google.com.au,05-03-2023,04-03-2024,211.66.153.247,137.99.90.233
844,1113,2233321,,vcastellsnf@archive.org,11-04-2023,24-01-2024,36.234.249.131,140.52.34.135
845,5678,2201111,,ptorrejonng@globo.com,03-07-2023,23-03-2024,145.136.71.25,143.95.192.212
846,7890,2203659,,areadheadnh@ucla.edu,25-07-2023,23-03-2024,223.58.13.99,127.200.146.23
847,1112,2203333,,alambertinini@parallels.com,06-06-2023,29-07-2024,79.86.134.151,131.222.172.196
848,1112,2205678,,zovernj@reverbnation.com,24-08-2023,09-07-2024,221.218.157.41,71.154.80.191
849,9012,2203456,,kbromheadnk@istockphoto.com,07-10-2023,26-01-2024,20.41.32.203,249.31.55.173
850,6549,2205563,,grubinovitschnl@youtube.com,26-05-2023,11-03-2024,111.215.144.150,224.150.150.19
851,9012,2205698,,abrammarnm@bbb.org,15-04-2023,01-02-2024,159.113.141.176,73.216.66.250
852,1112,2205563,,mterbecknn@baidu.com,08-09-2023,02-12-2023,30.77.169.116,200.105.41.255
853,1234,2204444,,tblunsumno@vistaprint.com,31-05-2023,06-07-2024,224.77.247.1,112.122.25.90
854,1112,2205563,,trentznp@mayoclinic.com,26-04-2023,06-12-2023,71.233.224.135,104.68.79.215
855,1113,2205568,,jwarnnq@parallels.com,20-04-2023,12-04-2024,218.221.56.96,169.107.200.53
856,1112,2204444,,tadelbergnr@ocn.ne.jp,23-06-2023,13-06-2024,215.9.239.148,72.104.25.9
857,7895,2201111,,mstackns@dyndns.org,30-04-2023,02-03-2024,221.226.133.25,247.193.91.64
858,1234,2209012,,nandrejevicnt@auda.org.au,23-08-2023,17-06-2024,254.228.167.128,196.70.36.243
859,7890,2204444,,pyurmanovevnu@blogtalkradio.com,01-10-2023,07-06-2024,211.254.140.126,25.190.197.111
860,5678,2203456,,bmarcosnv@skype.com,31-08-2023,18-11-2023,192.82.189.237,229.186.129.199
861,1234,2201112,,bdarenw@oracle.com,20-04-2023,15-12-2023,243.230.172.41,49.148.184.24
862,1112,2201112,,dcassynx@xing.com,26-07-2023,18-02-2024,230.1.79.225,47.95.85.98
863,1113,2205568,,zrodenburghny@clickbank.net,18-10-2023,11-01-2024,231.228.114.214,84.248.169.27
864,3456,2207890,,bgranchernz@netscape.com,18-07-2023,22-06-2024,107.234.36.180,45.51.104.149
865,1234,2205678,,gvickermano0@chron.com,02-09-2023,19-02-2024,52.163.12.26,242.91.224.114
866,1112,2201234,,ddodso1@alexa.com,29-07-2023,29-06-2024,247.192.87.227,182.208.209.84
867,1113,2201112,,iorhtmanno2@goodreads.com,16-10-2023,18-01-2024,193.188.57.48,195.119.67.137
868,7890,2205678,,awoodwino3@wikimedia.org,30-10-2023,31-07-2024,35.120.188.237,22.145.2.35
869,1113,2209012,,fsawdono4@plala.or.jp,23-09-2023,04-01-2024,111.105.101.136,241.135.132.239
870,3456,2205678,,hproughteno5@techcrunch.com,25-03-2023,26-03-2024,70.106.125.222,178.180.200.66
871,1112,2209012,,bbaraclougho6@sakura.ne.jp,08-10-2023,12-11-2023,202.64.78.91,45.64.108.184
872,1113,2233321,,avelao7@sciencedaily.com,13-08-2023,27-03-2024,216.137.243.5,122.52.229.69
873,7895,2204444,,zoatso8@prweb.com,23-07-2023,01-01-2024,118.165.70.228,251.249.130.238
874,1113,2200000,,lauldo9@slashdot.org,06-10-2023,18-02-2024,52.19.180.171,106.247.110.71
875,3456,2200000,,rlawlyoa@php.net,30-10-2023,29-05-2024,58.4.10.4,213.18.225.232
876,6549,2203333,,csmorthitob@timesonline.co.uk,26-07-2023,17-05-2024,250.18.63.101,199.74.75.167
877,1112,2207890,,dhumbieoc@hao123.com,21-06-2023,28-02-2024,110.154.47.166,183.226.136.80
878,1112,2205678,,durlichod@reference.com,17-05-2023,16-02-2024,255.170.114.174,187.4.206.254
879,1113,2204444,,gduckittoe@youku.com,25-04-2023,20-07-2024,52.35.116.23,193.199.68.27
880,6549,2205678,,hburyof@artisteer.com,27-10-2023,30-03-2024,85.251.254.228,99.85.152.160
881,6549,2209012,,mdenchog@tumblr.com,18-09-2023,23-06-2024,35.126.171.199,38.230.176.80
882,3456,2205568,,bgerckeoh@mtv.com,07-04-2023,12-01-2024,240.207.39.109,248.39.17.92
883,1113,2203456,,gsawdenoi@dyndns.org,29-10-2023,23-07-2024,118.163.68.45,156.42.140.22
884,6549,2205678,,fgrimmettoj@rakuten.co.jp,19-03-2023,16-03-2024,106.42.204.25,215.197.191.106
885,9012,2207890,,sgolderok@va.gov,28-07-2023,03-11-2023,35.242.137.223,9.153.61.35
886,1113,2201112,,adenholmol@diigo.com,23-05-2023,15-02-2024,186.221.179.30,61.205.253.173
887,3456,2205698,,crusbridgeom@state.gov,20-04-2023,04-12-2023,32.44.90.149,130.24.161.226
888,5678,2233321,,alonghorneon@artisteer.com,23-08-2023,22-01-2024,7.103.107.184,89.159.29.97
889,7890,2203333,,ibolfoo@wikipedia.org,27-10-2023,20-06-2024,173.221.9.177,58.78.111.246
890,3456,2203333,,mmackinnonop@technorati.com,29-09-2023,23-03-2024,59.180.254.59,116.128.255.22
891,7890,2203456,,gvoaseoq@ehow.com,07-09-2023,30-05-2024,70.179.127.73,46.131.153.112
892,1113,2207890,,pharrhyor@vimeo.com,15-08-2023,08-05-2024,232.162.12.212,32.208.132.211
893,6549,2203333,,cearyos@is.gd,05-03-2023,24-11-2023,157.85.163.147,91.8.162.159
894,1113,2204444,,tconklinot@chron.com,26-09-2023,15-03-2024,243.254.240.103,93.117.245.132
895,7890,2205698,,fcaddou@imgur.com,07-08-2023,25-12-2023,43.242.101.21,95.101.3.166
896,7890,2204444,,caddingtonov@elegantthemes.com,28-10-2023,28-02-2024,121.42.208.82,32.44.111.171
897,6549,2209012,,ddockreayow@sbwire.com,03-03-2023,11-07-2024,58.35.247.44,198.125.80.147
898,1112,2205678,,aducaenox@twitpic.com,07-10-2023,12-12-2023,204.103.95.223,241.194.87.78
899,9012,2205568,,sbecconsalloy@tamu.edu,10-08-2023,04-02-2024,235.188.116.50,165.145.139.158
900,1113,2203333,,mcarrolloz@fotki.com,24-05-2023,10-11-2023,218.142.149.139,173.71.166.25
901,1234,2233321,,dedensp0@lulu.com,15-07-2023,30-11-2023,18.99.82.91,176.141.1.45
902,9012,2233321,,gelcomep1@dailymail.co.uk,12-07-2023,24-07-2024,36.183.161.35,237.8.151.55
903,3456,2201111,,lbeaumentp2@weebly.com,22-10-2023,07-08-2024,105.215.170.157,153.59.131.155
904,7890,2201234,,rmerrileesp3@lycos.com,10-04-2023,22-03-2024,129.76.235.47,178.204.87.250
905,6549,2200000,,kscarrep4@storify.com,04-07-2023,24-04-2024,72.195.5.117,235.117.183.107
906,6549,2233321,,ltronip5@vk.com,01-07-2023,08-07-2024,184.97.52.9,247.167.40.220
907,7895,2200000,,drussilllp6@ebay.com,12-09-2023,01-02-2024,100.197.225.141,26.236.99.126
908,1112,2203333,,gwoodlandsp7@ask.com,16-05-2023,05-02-2024,101.247.198.180,47.190.210.45
909,3456,2203659,,khairesnapep8@webs.com,19-05-2023,14-04-2024,248.20.153.157,22.83.160.196
910,1113,2203333,,mjarredp9@cbsnews.com,16-08-2023,27-07-2024,37.125.8.157,153.160.16.187
911,5678,2205563,,jextilpa@intel.com,01-03-2023,21-03-2024,127.161.84.51,63.21.199.196
912,1234,2200000,,zhrishanokpb@adobe.com,20-04-2023,02-06-2024,95.131.20.136,33.80.164.19
913,7890,2203456,,mallikerpc@csmonitor.com,20-09-2023,03-06-2024,39.205.227.247,251.95.169.92
914,1113,2233321,,rtinsleypd@bravesites.com,26-06-2023,06-01-2024,80.254.74.56,219.80.2.24
915,6549,2201234,,zgummpe@ovh.net,22-08-2023,22-12-2023,211.134.105.141,21.171.89.244
916,9012,2201234,,dhatchmanpf@biblegateway.com,25-06-2023,23-12-2023,57.142.67.171,45.49.56.143
917,7890,2205563,,triachpg@twitter.com,05-06-2023,27-01-2024,104.239.157.96,182.11.129.43
918,1112,2200000,,sbreslinph@discovery.com,15-04-2023,16-03-2024,157.19.43.215,239.158.199.39
919,3456,2203333,,zlanferpi@blinklist.com,10-10-2023,07-06-2024,19.11.111.95,89.192.56.241
920,9012,2204444,,hizkoviczpj@epa.gov,30-09-2023,17-03-2024,19.176.103.96,162.252.171.134
921,3456,2201112,,mmcfaulpk@dot.gov,14-04-2023,24-07-2024,191.203.234.241,199.1.252.4
922,9012,2203659,,rdeguerrepl@free.fr,13-04-2023,04-03-2024,249.211.192.241,206.17.189.5
923,9012,2205568,,dtoomeypm@dot.gov,05-08-2023,12-07-2024,19.92.62.154,198.86.84.138
924,5678,2205678,,cohickeypn@w3.org,11-10-2023,27-06-2024,217.120.223.54,101.210.230.40
925,1113,2205568,,sdorritypo@admin.ch,15-05-2023,27-03-2024,97.134.176.129,27.44.19.79
926,3456,2203659,,alongthornepp@wunderground.com,02-07-2023,21-11-2023,190.106.249.31,251.127.31.167
927,1113,2200000,,sscholtispq@ted.com,07-03-2023,25-06-2024,231.96.94.198,179.201.52.124
928,7895,2205678,,kedelpr@theglobeandmail.com,04-04-2023,20-01-2024,234.94.240.62,112.73.114.137
929,5678,2201111,,bjellymanps@nih.gov,24-09-2023,02-02-2024,227.10.213.175,184.245.81.90
930,5678,2201111,,stootingpt@zdnet.com,23-06-2023,10-11-2023,117.73.217.120,154.9.72.225
931,7895,2205698,,tleavespu@moonfruit.com,08-09-2023,01-02-2024,209.216.134.122,15.119.177.156
932,1234,2205698,,mcleetonpv@huffingtonpost.com,13-05-2023,28-06-2024,39.197.87.137,38.168.190.32
933,1112,2203456,,jskowcraftpw@berkeley.edu,19-05-2023,12-04-2024,86.146.158.15,179.95.239.124
934,7890,2207890,,mtruesdalepx@studiopress.com,25-10-2023,01-04-2024,142.231.223.155,19.152.1.90
935,9012,2203659,,bbrixeypy@mlb.com,02-08-2023,05-07-2024,252.75.0.121,82.78.22.72
936,9012,2203333,,mmeadowspz@webeden.co.uk,30-10-2023,27-03-2024,189.50.25.140,100.69.70.58
937,7890,2201112,,vedmensonq0@linkedin.com,31-07-2023,26-04-2024,162.5.207.151,240.16.35.106
938,6549,2201112,,kleachmanq1@g.co,30-04-2023,31-07-2024,83.31.100.147,138.247.242.198
939,3456,2203333,,kmaccrawq2@youtube.com,20-03-2023,10-02-2024,117.152.48.255,61.212.221.164
940,5678,2203333,,ljoppichq3@eventbrite.com,21-07-2023,23-06-2024,54.229.212.179,132.204.118.73
941,9012,2201234,,btotheq4@eventbrite.com,12-08-2023,03-04-2024,130.247.23.145,225.238.61.91
942,5678,2233321,,aseefeldtq5@bbb.org,04-03-2023,05-05-2024,206.136.174.45,194.195.170.30
943,5678,2201112,,smaundersq6@nhs.uk,30-06-2023,26-06-2024,127.69.138.34,237.118.173.180
944,6549,2205678,,ralleboneq7@hatena.ne.jp,14-08-2023,05-08-2024,213.83.224.96,13.195.252.37
945,1113,2201111,,rshoesmithq8@yolasite.com,03-10-2023,16-11-2023,50.94.173.139,141.135.192.242
946,1112,2205678,,jcrossthwaiteq9@hugedomains.com,30-09-2023,01-02-2024,252.176.98.128,178.120.114.96
947,3456,2203456,,sleileqa@umich.edu,22-05-2023,09-06-2024,245.170.185.128,133.69.18.234
948,5678,2207890,,tgerrellqb@samsung.com,10-10-2023,02-06-2024,255.41.217.102,175.84.209.78
949,7890,2203333,,lmuroqc@xinhuanet.com,02-05-2023,05-07-2024,225.89.255.171,169.238.88.206
950,1234,2205678,,lelgieqd@cafepress.com,23-09-2023,18-11-2023,169.130.45.162,140.210.18.108
951,7895,2201112,,ewhoolehanqe@taobao.com,12-05-2023,09-03-2024,12.123.29.88,47.138.7.48
952,9012,2205568,,dhampshireqf@comsenz.com,20-05-2023,14-01-2024,106.140.154.63,19.151.117.61
953,1112,2201112,,abrummellqg@g.co,29-07-2023,14-05-2024,94.45.207.225,109.171.44.99
954,6549,2209012,,mdurekqh@vimeo.com,23-09-2023,19-02-2024,89.82.180.249,76.245.80.75
955,3456,2201112,,oclacsonqi@princeton.edu,31-07-2023,12-07-2024,252.250.170.13,5.199.82.72
956,7895,2200000,,bpawnsfordqj@nbcnews.com,13-08-2023,06-06-2024,184.248.3.58,230.50.213.193
957,1112,2204444,,bplesterqk@usa.gov,26-04-2023,13-02-2024,233.225.249.172,219.173.188.242
958,6549,2205678,,vborthwickql@cargocollective.com,27-04-2023,10-01-2024,193.122.239.155,42.228.69.110
959,7890,2209012,,bskiggsqm@t.co,11-06-2023,25-02-2024,19.130.140.55,252.31.220.137
960,7895,2201111,,cbrouneqn@bloomberg.com,11-09-2023,19-11-2023,134.185.14.194,8.247.240.40
961,7890,2205678,,ggrasserqo@photobucket.com,15-10-2023,08-08-2024,60.131.73.69,13.226.57.201
962,1234,2205563,,ccornfootqp@example.com,07-09-2023,12-07-2024,200.98.139.135,108.41.24.235
963,1234,2207890,,spoxtonqq@nsw.gov.au,18-06-2023,10-07-2024,99.71.196.227,41.47.199.65
964,6549,2205698,,mbumpassqr@state.gov,08-06-2023,18-05-2024,4.11.176.17,6.35.75.75
965,6549,2204444,,mpfeiferqs@alexa.com,30-08-2023,30-07-2024,203.108.150.63,11.154.2.25
966,1113,2209012,,vdrillotqt@washingtonpost.com,13-07-2023,05-06-2024,248.208.121.19,50.0.37.204
967,1113,2204444,,vlabuschqu@omniture.com,28-07-2023,21-07-2024,73.54.249.47,61.140.220.236
968,1112,2201112,,bwalklateqv@flavors.me,01-05-2023,08-12-2023,238.84.8.137,130.82.0.225
969,1113,2201112,,cshaxbyqw@biblegateway.com,31-08-2023,14-07-2024,157.109.111.79,241.187.178.18
970,1234,2205568,,bmacneelyqx@cnet.com,15-09-2023,06-04-2024,201.4.77.93,193.238.157.153
971,6549,2204444,,dghestqy@themeforest.net,26-08-2023,05-02-2024,27.37.109.248,167.181.32.97
972,1234,2203456,,aeedeqz@blogtalkradio.com,22-09-2023,06-04-2024,235.19.58.238,40.107.84.138
973,1112,2203456,,czapler0@fotki.com,18-05-2023,29-03-2024,170.95.103.193,44.131.233.151
974,1234,2205563,,rbunyardr1@dropbox.com,05-06-2023,19-11-2023,196.101.132.88,55.100.240.30
975,1112,2209012,,lornizr2@about.me,24-09-2023,08-03-2024,107.71.16.103,101.214.213.127
976,1113,2203456,,kbrimmicomber3@mediafire.com,29-07-2023,14-05-2024,236.69.38.109,204.121.59.64
977,3456,2203333,,mtrasker4@aboutads.info,13-03-2023,30-03-2024,55.175.246.82,156.242.6.111
978,5678,2201111,,bwoodr5@thetimes.co.uk,10-03-2023,11-06-2024,106.120.218.146,2.27.206.116
979,9012,2205563,,crodgerr6@naver.com,30-10-2023,13-06-2024,180.124.157.191,147.197.98.253
980,1112,2205698,,ffreebornr7@cdc.gov,06-10-2023,26-11-2023,1.15.53.213,240.53.84.41
981,1113,2209012,,aeckfordr8@flickr.com,23-04-2023,14-03-2024,237.137.236.27,185.215.4.198
982,1234,2200000,,ddagonr9@adobe.com,09-10-2023,13-05-2024,96.205.151.32,176.3.237.44
983,7890,2203659,,rstandbrookra@ovh.net,18-04-2023,01-04-2024,174.123.120.227,210.159.63.232
984,1234,2203333,,fseawellrb@epa.gov,01-10-2023,24-07-2024,249.32.103.117,213.181.225.37
985,3456,2203333,,lrabbittrc@cafepress.com,22-04-2023,25-04-2024,53.167.104.163,65.16.69.88
986,6549,2205568,,mhodjettsrd@ted.com,06-05-2023,20-11-2023,126.154.158.17,234.227.203.202
987,9012,2205678,,ccondictre@istockphoto.com,15-08-2023,25-05-2024,175.81.191.250,154.133.47.136
988,1113,2207890,,jbluschkerf@army.mil,10-09-2023,12-03-2024,173.22.143.106,143.49.32.91
989,9012,2201111,,dhoyesrg@deviantart.com,06-09-2023,30-11-2023,8.5.200.92,6.159.151.127
990,1113,2205678,,eroadsrh@prlog.org,19-09-2023,05-01-2024,150.225.114.1,214.206.160.28
991,6549,2205698,,jlindmanri@myspace.com,14-06-2023,05-04-2024,46.244.4.95,114.196.210.91
992,1234,2209012,,dmaccaffreyrj@cbc.ca,06-04-2023,09-11-2023,131.129.118.118,129.26.82.53
993,1234,2201234,,cduggetrk@scientificamerican.com,01-04-2023,02-01-2024,43.103.70.162,80.113.120.47
994,7895,2233321,,mhowsdenrl@bigcartel.com,05-03-2023,25-02-2024,235.54.195.218,105.243.75.9
995,1113,2209012,,msignrm@w3.org,05-04-2023,18-04-2024,17.101.88.176,88.159.95.122
996,5678,2201234,,aallenrn@feedburner.com,14-09-2023,24-07-2024,163.177.162.119,36.232.80.105
997,7890,2205698,,jrossanderro@blogger.com,25-09-2023,21-07-2024,165.104.244.83,184.78.176.92
998,9012,2233321,,averchambrerp@hexun.com,12-09-2023,06-03-2024,58.108.11.121,251.103.69.90
999,3456,2209012,,gfilippellorq@utexas.edu,03-05-2023,21-07-2024,10.75.234.20,224.97.50.10
1000,1112,2200000,,nreadshawrr@nifty.com,30-07-2023,20-11-2023,248.152.238.59,13.236.239.231
